"","ONTOLOGY","ID","Description","GeneRatio","BgRatio","pvalue","p.adjust","qvalue","geneID","Count"
"GO:0031960","BP","GO:0031960","response to corticosteroid","18/273","155/17913",2.58993496947434e-11,7.33767632558395e-08,5.74630203816809e-08,"8644/374/836/9076/1843/1906/1978/54206/114907/2353/2354/8061/3490/5743/7356/7538/677/678",18
"GO:0051384","BP","GO:0051384","response to glucocorticoid","17/273","139/17913",4.07083291294533e-11,7.33767632558395e-08,5.74630203816809e-08,"374/836/9076/1843/1906/1978/54206/114907/2353/2354/8061/3490/5743/7356/7538/677/678",17
"GO:0048545","BP","GO:0048545","response to steroid hormone","25/273","375/17913",6.97732676211442e-10,7.49352019662282e-07,5.86834693549672e-07,"8644/374/836/9076/1364/1499/1843/1906/1978/54206/114907/2274/2353/2354/8061/3490/4824/4929/5743/7356/7057/10628/7538/677/678",25
"GO:1901654","BP","GO:1901654","response to ketone","18/273","191/17913",8.31458551636374e-10,7.49352019662282e-07,5.86834693549672e-07,"231/1646/8644/9076/1364/1843/1906/1978/54206/114907/2353/2354/8061/3490/4824/7057/3371/10628",18
"GO:0046677","BP","GO:0046677","response to antibiotic","22/273","328/17913",6.87844520195964e-09,4.9593589906129e-06,3.88378737508542e-06,"374/836/9076/1365/1191/1410/1545/1843/1906/1958/1978/8061/3248/3309/3397/3399/3725/23135/388/7356/3371/10628",22
"GO:0050673","BP","GO:0050673","epithelial cell proliferation","25/273","425/17913",8.92543687469426e-09,5.3626999888788e-06,4.1996529294614e-06,"374/2683/1499/54206/2152/9982/2752/3037/3280/3397/3398/3486/3487/3725/91862/4609/4824/26471/58495/5613/130367/4070/7057/7538/677",25
"GO:0001667","BP","GO:0001667","ameboidal-type cell migration","25/273","446/17913",2.31970094676905e-08,1.19464598758606e-05,9.35554577328511e-06,"56999/9590/84159/1545/1906/9982/2752/3037/1839/3315/3397/3725/23189/91862/58495/10769/5613/5743/388/6273/6385/374969/4070/7057/7076",25
"GO:0050678","BP","GO:0050678","regulation of epithelial cell proliferation","21/273","369/17913",2.50905653383922e-07,0.00011306436005613,8.85432845231156e-05,"374/2683/1499/54206/2152/9982/2752/3037/3280/3397/3725/91862/4609/4824/26471/58495/130367/4070/7057/7538/677",21
"GO:0044706","BP","GO:0044706","multi-multicellular organism process","16/273","225/17913",3.78722594425273e-07,0.000151699439211457,0.00011879929804077,"231/23780/2683/1364/1906/2192/2353/2354/8061/3248/3490/3726/5743/7356/7076/81671",16
"GO:0035966","BP","GO:0035966","response to topologically incorrect protein","14/273","175/17913",4.98365978564178e-07,0.000161174099649583,0.000126219121179701,"10551/467/1191/10488/3576/1649/3337/55033/2931/9709/3303/3309/3315/7057",14
"GO:0036499","BP","GO:0036499","PERK-mediated unfolded protein response","6/273","21/17913",5.31075882664104e-07,0.000161174099649583,0.000126219121179701,"10551/467/3576/1649/9709/3309",6
"GO:0010631","BP","GO:0010631","epithelial cell migration","20/273","354/17913",5.48193315018978e-07,0.000161174099649583,0.000126219121179701,"56999/1545/1906/9982/2752/3037/1839/3315/3397/3725/23189/91862/10769/5613/5743/388/6273/374969/4070/7057",20
"GO:0001655","BP","GO:0001655","urogenital system development","19/273","324/17913",6.05476560100651e-07,0.000161174099649583,0.000126219121179701,"231/84159/1499/1958/3037/3280/3248/3398/3399/3400/3691/4609/4824/4953/5613/6385/6659/4070/3371",19
"GO:0090132","BP","GO:0090132","epithelium migration","20/273","357/17913",6.25918833590613e-07,0.000161174099649583,0.000126219121179701,"56999/1545/1906/9982/2752/3037/1839/3315/3397/3725/23189/91862/10769/5613/5743/388/6273/374969/4070/7057",20
"GO:0001101","BP","GO:0001101","response to acid chemical","19/273","330/17913",7.98633613909001e-07,0.000183036866891755,0.000143340353895521,"231/1645/1646/8644/171023/53335/836/9076/22943/1843/1906/1958/2170/3399/3490/5743/7356/23677/3371",19
"GO:0090130","BP","GO:0090130","tissue migration","20/273","363/17913",8.12368896052172e-07,0.000183036866891755,0.000143340353895521,"56999/1545/1906/9982/2752/3037/1839/3315/3397/3725/23189/91862/10769/5613/5743/388/6273/374969/4070/7057",20
"GO:0006986","BP","GO:0006986","response to unfolded protein","13/273","161/17913",1.15332330639641e-06,0.000244572383503473,0.000191530223390412,"10551/467/10488/3576/1649/3337/55033/2931/9709/3303/3309/3315/7057",13
"GO:0006979","BP","GO:0006979","response to oxidative stress","22/273","442/17913",1.24614887078366e-06,0.000249575926620838,0.000195448612365016,"8644/374/836/1410/1499/1545/1843/1906/2353/8061/2878/3303/3304/3315/3725/23135/135112/4929/5743/388/7356/10628",22
"GO:0007565","BP","GO:0007565","female pregnancy","14/273","193/17913",1.6181495261205e-06,0.000307022581140233,0.000240436400501673,"231/23780/1364/2192/2353/2354/8061/3248/3490/3726/5743/7356/7076/81671",14
"GO:0042326","BP","GO:0042326","negative regulation of phosphorylation","22/273","455/17913",2.00592844648406e-06,0.000361568602478751,0.000283152636498434,"467/203228/836/1029/22943/1843/1849/54206/2192/1647/4616/3315/3486/3725/91862/4609/26471/113791/8000/6317/6690/7078",22
"GO:0072001","BP","GO:0072001","renal system development","17/273","291/17913",2.52369993510004e-06,0.000426615039933986,0.000334091988350376,"231/84159/1499/1958/3037/3280/3248/3398/3399/3691/4609/4824/4953/5613/6385/6659/4070",17
"GO:0071384","BP","GO:0071384","cellular response to corticosteroid stimulus","8/273","58/17913",2.60347597185789e-06,0.000426615039933986,0.000334091988350376,"8644/1906/1978/54206/114907/7538/677/678",8
"GO:0016049","BP","GO:0016049","cell growth","22/273","466/17913",2.95691513172952e-06,0.000428382128734681,0.000335475835978222,"53335/694/203228/1029/55602/1382/1410/1499/1906/2931/1839/3303/3304/3486/3487/3490/8425/55384/92304/6446/23677/51193",22
"GO:0042448","BP","GO:0042448","progesterone metabolic process","5/273","16/17913",3.01747314452718e-06,0.000428382128734681,0.000335475835978222,"1645/1646/8644/10170/1958",5
"GO:0071560","BP","GO:0071560","cellular response to transforming growth factor beta stimulus","15/273","233/17913",3.04998007641502e-06,0.000428382128734681,0.000335475835978222,"10370/9076/1906/2353/9518/3248/3303/3309/3397/3725/8425/58495/7057/677/678",15
"GO:0001558","BP","GO:0001558","regulation of cell growth","20/273","396/17913",3.08957984663016e-06,0.000428382128734681,0.000335475835978222,"53335/694/1029/55602/1382/1410/1906/2931/1839/3303/3304/3486/3487/3490/8425/55384/92304/6446/23677/51193",20
"GO:2001233","BP","GO:2001233","regulation of apoptotic signaling pathway","20/273","397/17913",3.20945969012601e-06,0.000428522303070529,0.000335585609704404,"467/27113/1191/10488/1499/1649/50486/2931/9709/3303/3304/3315/4824/4929/26471/5329/5366/5743/7057/7078",20
"GO:0052547","BP","GO:0052547","regulation of peptidase activity","20/273","398/17913",3.3335466682136e-06,0.000429194133532501,0.000336111735494319,"330/1410/1476/2152/2192/9709/4609/4824/5266/5329/5366/5743/6317/6318/6690/7980/7057/7076/7078/10406",20
"GO:0010038","BP","GO:0010038","response to metal ion","18/273","335/17913",4.14655577271643e-06,0.000500585443967153,0.000392019902392848,"8644/836/9076/1843/1906/2353/2354/3309/3398/3725/3726/3861/4502/5743/4891/7031/7057/10628",18
"GO:0071559","BP","GO:0071559","response to transforming growth factor beta","15/273","239/17913",4.16575958918574e-06,0.000500585443967153,0.000392019902392848,"10370/9076/1906/2353/9518/3248/3303/3309/3397/3725/8425/58495/7057/677/678",15
"GO:1905897","BP","GO:1905897","regulation of response to endoplasmic reticulum stress","9/273","83/17913",4.77369249279215e-06,0.000555134239887603,0.000434738311228133,"10551/1191/10488/1649/9709/3303/3309/26471/5366",9
"GO:0001822","BP","GO:0001822","kidney development","16/273","276/17913",5.51548202313014e-06,0.000621353521668254,0.000486596144277468,"231/84159/1499/1958/3037/3280/3248/3398/3399/4609/4824/4953/5613/6385/6659/4070",16
"GO:0006984","BP","GO:0006984","ER-nucleus signaling pathway","7/273","46/17913",5.6943951865697e-06,0.000622069534775266,0.000487156870506537,"10551/467/3576/1649/9709/3309/3638",7
"GO:0001933","BP","GO:0001933","negative regulation of protein phosphorylation","20/273","416/17913",6.45475941005245e-06,0.000684394343330561,0.00053596485256225,"467/203228/836/1029/22943/1843/1849/54206/2192/1647/4616/3315/3486/3725/91862/4609/8000/6317/6690/7078",20
"GO:2001242","BP","GO:2001242","regulation of intrinsic apoptotic signaling pathway","12/273","163/17913",7.77590988281451e-06,0.000792615837752548,0.000620715578320267,"27113/1191/10488/1649/9709/3303/3315/4824/26471/5329/5366/5743",12
"GO:0034612","BP","GO:0034612","response to tumor necrosis factor","16/273","284/17913",7.91516509267454e-06,0.000792615837752548,0.000620715578320267,"9590/330/836/9076/3576/1906/3037/3303/3304/5609/4824/5743/7057/7538/677/678",16
"GO:0034976","BP","GO:0034976","response to endoplasmic reticulum stress","15/273","254/17913",8.70151189383323e-06,0.000798909458673152,0.000625644256708196,"10551/467/1191/10488/3576/1649/55033/2931/9709/3303/3309/3725/26471/5366/7057",15
"GO:0010466","BP","GO:0010466","negative regulation of peptidase activity","14/273","223/17913",8.70640044790315e-06,0.000798909458673152,0.000625644256708196,"1410/1476/9709/5266/5329/5743/6317/6318/6690/7980/7057/7076/7078/10406",14
"GO:0009636","BP","GO:0009636","response to toxic substance","22/273","499/17913",8.7890203475658e-06,0.000798909458673152,0.000625644256708196,"374/836/9076/1365/1410/1545/1843/1906/1958/1978/2353/8061/2878/3248/3725/23135/4929/26471/5743/388/3371/10628",22
"GO:0001666","BP","GO:0001666","response to hypoxia","18/273","354/17913",8.86446001301695e-06,0.000798909458673152,0.000625644256708196,"481/836/10370/1365/1410/1906/1958/1978/29923/4609/4824/4929/5327/5328/5366/5743/7057/677",18
"GO:0030647","BP","GO:0030647","aminoglycoside antibiotic metabolic process","4/273","10/17913",1.03107763562549e-05,0.000906593872299971,0.000709974382220168,"231/1645/1646/8644",4
"GO:1901216","BP","GO:1901216","positive regulation of neuron death","9/273","93/17913",1.22346667004663e-05,0.0010367398071372,0.000811894638365418,"836/1191/1499/1649/22943/1958/2353/3725/26471",9
"GO:0000302","BP","GO:0000302","response to reactive oxygen species","14/273","230/17913",1.23661058826351e-05,0.0010367398071372,0.000811894638365418,"8644/374/836/1410/1545/1843/1906/2353/8061/3725/23135/388/7356/10628",14
"GO:0036293","BP","GO:0036293","response to decreased oxygen levels","18/273","365/17913",1.34184318456947e-05,0.00109939651826658,0.000860962540912758,"481/836/10370/1365/1410/1906/1958/1978/29923/4609/4824/4929/5327/5328/5366/5743/7057/677",18
"GO:0071774","BP","GO:0071774","response to fibroblast growth factor","11/273","145/17913",1.40418145367534e-05,0.00112490536455547,0.000880939101463688,"1499/3576/9982/3187/9592/7356/7057/3371/7538/677/678",11
"GO:0052548","BP","GO:0052548","regulation of endopeptidase activity","18/273","370/17913",1.6108483839401e-05,0.00126241487480523,0.000988625941814036,"330/1410/1476/2152/9709/4609/4824/5266/5329/5366/5743/6317/6690/7980/7057/7076/7078/10406",18
"GO:0044342","BP","GO:0044342","type B pancreatic cell proliferation","5/273","22/17913",1.68778951683393e-05,0.0012754171522942,0.000998808322491583,"54206/3486/3487/26471/130367",5
"GO:0071385","BP","GO:0071385","cellular response to glucocorticoid stimulus","7/273","54/17913",1.6981975952877e-05,0.0012754171522942,0.000998808322491583,"1906/1978/54206/114907/7538/677/678",7
"GO:0008207","BP","GO:0008207","C21-steroid hormone metabolic process","6/273","37/17913",1.85400926574029e-05,0.00136402110265179,0.0010681961011204,"231/1645/1646/8644/10170/1958",6
"GO:0034620","BP","GO:0034620","cellular response to unfolded protein","10/273","123/17913",1.89489599419659e-05,0.00136622001181574,0.00106991811714426,"10551/467/10488/3576/1649/55033/2931/9709/3303/3309",10
"GO:0043588","BP","GO:0043588","skin development","19/273","412/17913",1.97242758103987e-05,0.00139423557444093,0.00109185774455086,"8644/9076/1364/1499/22943/54206/10468/3691/3861/3866/25984/3852/83896/58495/5266/3925/10628/7538/677",19
"GO:0010951","BP","GO:0010951","negative regulation of endopeptidase activity","13/273","210/17913",2.11872355695196e-05,0.00146884585054073,0.00115028675703343,"1410/1476/9709/5266/5329/5743/6317/6690/7980/7057/7076/7078/10406",13
"GO:0032993","CC","GO:0032993","protein-DNA complex","13/277","187/18678",4.5719370440505e-06,0.00151331116158071,0.00135233085197704,"1108/1499/1649/2353/3005/8971/3006/8334/3012/8347/3017/8349/26471",13
"GO:0051592","BP","GO:0051592","response to calcium ion","10/273","126/17913",2.33810311942866e-05,0.00157049349142013,0.00122988934783233,"8644/1843/1906/2353/2354/3309/3725/3726/7057/10628",10
"GO:0097201","BP","GO:0097201","negative regulation of transcription from RNA polymerase II promoter in response to stress","4/273","12/17913",2.37251360430745e-05,0.00157049349142013,0.00122988934783233,"10370/3337/3303/3725",4
"GO:0045926","BP","GO:0045926","negative regulation of growth","14/273","244/17913",2.39603722685456e-05,0.00157049349142013,0.00122988934783233,"53335/694/1029/55602/1410/9518/2931/3303/3304/84289/55384/4502/92304/23677",14
"GO:0030055","CC","GO:0030055","cell-substrate junction","19/277","404/18678",1.03610207416378e-05,0.00171474893274105,0.00153234043600011,"9590/1499/55827/667/2274/3303/3304/3309/3315/3691/143903/4739/5328/5329/5500/388/390/6385/3371",19
"GO:0070482","BP","GO:0070482","response to oxygen levels","18/273","389/17913",3.1282647244181e-05,0.00201382041634415,0.00157706879527995,"481/836/10370/1365/1410/1906/1958/1978/29923/4609/4824/4929/5327/5328/5366/5743/7057/677",18
"GO:0000785","CC","GO:0000785","chromatin","21/277","500/18678",1.96023423138136e-05,0.00203871279013956,0.00182184224528292,"57492/23466/1029/1108/10370/1499/57459/3005/8971/3006/8334/3012/8347/3017/8349/3725/3726/4609/23047/10769/5514",21
"GO:0005925","CC","GO:0005925","focal adhesion","18/277","397/18678",2.88306551909798e-05,0.00203871279013956,0.00182184224528292,"9590/1499/55827/667/2274/3303/3304/3309/3315/143903/4739/5328/5329/5500/388/390/6385/3371",18
"GO:0005924","CC","GO:0005924","cell-substrate adherens junction","18/277","399/18678",3.07962657120779e-05,0.00203871279013956,0.00182184224528292,"9590/1499/55827/667/2274/3303/3304/3309/3315/143903/4739/5328/5329/5500/388/390/6385/3371",18
"GO:0045598","BP","GO:0045598","regulation of fat cell differentiation","10/273","131/17913",3.27470707877001e-05,0.00203874628341328,0.0015965888114795,"171023/1649/3280/3398/3400/3638/5743/7538/677/678",10
"GO:0042730","BP","GO:0042730","fibrinolysis","5/273","25/17913",3.28009110784938e-05,0.00203874628341328,0.0015965888114795,"5327/5328/5329/5055/7057",5
"GO:0048715","BP","GO:0048715","negative regulation of oligodendrocyte differentiation","4/273","13/17913",3.38593797218796e-05,0.00206176959430426,0.00161461889245172,"1499/3280/3398/3400",4
"GO:0051090","BP","GO:0051090","regulation of DNA-binding transcription factor activity","19/273","429/17913",3.43151666181014e-05,0.00206176959430426,0.00161461889245172,"84159/8553/1029/1191/1499/1545/1649/1906/2353/8061/3303/3304/3397/3398/3399/3725/4824/26471/6446",19
"GO:0006970","BP","GO:0006970","response to osmotic stress","8/273","82/17913",3.53185208129411e-05,0.00208726668083037,0.00163458624366364,"231/836/9076/54206/5609/91862/5743/677",8
"GO:0031589","BP","GO:0031589","cell-substrate adhesion","16/273","322/17913",3.71044429665117e-05,0.0021574438208754,0.00168954356597936,"56999/10551/1029/4680/1499/2192/3037/3397/3691/23189/4739/5328/5613/6385/4070/7057",16
"GO:0035967","BP","GO:0035967","cellular response to topologically incorrect protein","10/273","135/17913",4.23943266622887e-05,0.00242589758123097,0.00189977584140783,"10551/467/10488/3576/1649/55033/2931/9709/3303/3309",10
"GO:0070542","BP","GO:0070542","response to fatty acid","8/273","85/17913",4.58491046450153e-05,0.00257859057078291,0.0020193532114285,"1646/8644/9076/1906/2170/3399/5743/3371",8
"GO:1902043","BP","GO:1902043","positive regulation of extrinsic apoptotic signaling pathway via death domain receptors","4/273","14/17913",4.68359107493275e-05,0.00257859057078291,0.0020193532114285,"467/5366/7057/7078",4
"GO:0071277","BP","GO:0071277","cellular response to calcium ion","7/273","63/17913",4.72085929741115e-05,0.00257859057078291,0.0020193532114285,"8644/1906/2353/2354/3309/3725/3726",7
"GO:0010632","BP","GO:0010632","regulation of epithelial cell migration","15/273","294/17913",4.81033195097987e-05,0.00258824577362425,0.00202691442144981,"56999/1906/9982/2752/3037/1839/3315/3725/91862/10769/5743/388/374969/4070/7057",15
"GO:0045178","CC","GO:0045178","basal part of cell","6/277","45/18678",5.05060932401656e-05,0.00264930647300191,0.002367483284826,"1364/667/1906/3861/4891/4070",6
"GO:0005788","CC","GO:0005788","endoplasmic reticulum lumen","15/277","306/18678",5.60276293384089e-05,0.00264930647300191,0.002367483284826,"1191/1356/1906/55033/3309/3486/3487/3490/5329/11098/5743/8404/7057/7076/3371",15
"GO:0043434","BP","GO:0043434","response to peptide hormone","18/273","404/17913",5.11684459618772e-05,0.00268445439054808,0.0021022575882765,"374/57492/7832/1906/1958/1978/54206/2170/9518/2931/3033/3643/23189/4929/5743/7031/7076/677",18
"GO:0030308","BP","GO:0030308","negative regulation of cell growth","11/273","167/17913",5.21253279718074e-05,0.00268445439054808,0.0021022575882765,"53335/694/1029/55602/1410/2931/3303/3304/55384/92304/23677",11
"GO:0071248","BP","GO:0071248","cellular response to metal ion","11/273","167/17913",5.21253279718074e-05,0.00268445439054808,0.0021022575882765,"8644/9076/1906/2353/2354/3309/3398/3725/3726/4502/5743",11
"GO:0051098","BP","GO:0051098","regulation of binding","17/273","368/17913",5.30403401107143e-05,0.00269310459294542,0.00210903175948014,"203228/1499/1649/22943/3005/9709/3280/3309/3397/3725/2011/4824/51068/3084/5329/10769/3925",17
"GO:0030968","BP","GO:0030968","endoplasmic reticulum unfolded protein response","9/273","112/17913",5.43527262094594e-05,0.00272141080534863,0.00213119900137091,"10551/467/10488/3576/1649/55033/2931/9709/3309",9
"GO:0032570","BP","GO:0032570","response to progesterone","6/273","45/17913",5.86537701426944e-05,0.00289653207348511,0.00226834046896476,"1364/2353/2354/8061/7057/10628",6
"GO:0031012","CC","GO:0031012","extracellular matrix","19/277","468/18678",7.69655083834999e-05,0.00318444790936731,0.00284569840207414,"56999/1191/1476/667/2152/2192/9518/3490/8425/4256/4312/4319/5266/8404/7980/7057/7076/7078/3371",19
"GO:1901652","BP","GO:1901652","response to peptide","20/273","491/17913",6.87308667669304e-05,0.00332177614460947,0.00260135882030589,"231/374/57492/7832/1906/1958/1978/54206/2170/9518/2931/3033/3397/3643/23189/4929/5743/7031/7076/677",20
"GO:0008544","BP","GO:0008544","epidermis development","19/273","452/17913",6.9107686781057e-05,0.00332177614460947,0.00260135882030589,"8644/1382/1499/22943/2012/54206/10468/3280/3643/3861/3866/25984/3852/83896/58495/5266/10628/7538/677",19
"GO:0042542","BP","GO:0042542","response to hydrogen peroxide","10/273","144/17913",7.32929046525627e-05,0.00347659106937485,0.00272259792629049,"374/836/1410/1545/1843/8061/3725/23135/388/10628",10
"GO:0001656","BP","GO:0001656","metanephros development","8/273","91/17913",7.48471368908914e-05,0.0035042068635281,0.00274422448586973,"231/1499/1958/3280/3398/3399/4609/4824",8
"GO:0070293","BP","GO:0070293","renal absorption","4/273","16/17913",8.31318912499315e-05,0.00374613084945004,0.00293368068858311,"8644/1364/3037/6446",4
"GO:0090083","BP","GO:0090083","regulation of inclusion body assembly","4/273","16/17913",8.31318912499315e-05,0.00374613084945004,0.00293368068858311,"1191/3337/3303/3304",4
"GO:1900153","BP","GO:1900153","positive regulation of nuclear-transcribed mRNA catabolic process, deadenylation-dependent decay","4/273","16/17913",8.31318912499315e-05,0.00374613084945004,0.00293368068858311,"7832/7538/677/678",4
"GO:0043542","BP","GO:0043542","endothelial cell migration","14/273","275/17913",8.78296158978103e-05,0.00390896006557539,0.0030611959693038,"56999/1545/1906/9982/2752/3315/3397/10769/5613/5743/388/6273/374969/7057",14
"GO:2001235","BP","GO:2001235","positive regulation of apoptotic signaling pathway","11/273","178/17913",9.27079143215074e-05,0.00407575647718334,0.00319181805147988,"467/27113/1649/50486/2931/4824/26471/5329/5366/7057/7078",11
"GO:0097193","BP","GO:0097193","intrinsic apoptotic signaling pathway","14/273","277/17913",9.48508434955524e-05,0.00410698383781665,0.00321627291131448,"27113/836/1191/10488/1545/1649/9709/3303/3315/4824/26471/5329/5366/5743",14
"GO:0030195","BP","GO:0030195","negative regulation of blood coagulation","6/273","49/17913",9.56967107840773e-05,0.00410698383781665,0.00321627291131448,"1906/5327/5328/5329/5055/7057",6
"GO:1900047","BP","GO:1900047","negative regulation of hemostasis","6/273","50/17913",0.000107370577929613,0.00449802360333591,0.00352250508917349,"1906/5327/5328/5329/5055/7057",6
"GO:0016137","BP","GO:0016137","glycoside metabolic process","4/273","17/17913",0.000107411971922878,0.00449802360333591,0.00352250508917349,"231/1645/1646/8644",4
"GO:0030856","BP","GO:0030856","regulation of epithelial cell differentiation","10/273","151/17913",0.000108983080389253,0.00449802360333591,0.00352250508917349,"694/1499/54206/2931/3280/3397/58495/5613/7538/677",10
"GO:0061458","BP","GO:0061458","reproductive system development","18/273","429/17913",0.000109799189207645,0.00449802360333591,0.00352250508917349,"8644/84159/836/10370/1499/8061/3280/3309/3400/3643/3726/4824/26471/58495/54477/5743/3371/677",18
"GO:1902235","BP","GO:1902235","regulation of endoplasmic reticulum stress-induced intrinsic apoptotic signaling pathway","5/273","32/17913",0.000113943271472578,0.00461534262537803,0.00361438029674104,"10488/1649/9709/3303/5366",5
"GO:0003007","BP","GO:0003007","heart morphogenesis","13/273","249/17913",0.00012182878458509,0.00487991964921386,0.00382157661119544,"171023/10370/1499/22943/2931/3037/3280/3398/3643/3725/3084/58495/6659",13
"GO:0031668","BP","GO:0031668","cellular response to extracellular stimulus","13/273","251/17913",0.000131930201635705,0.00511698573830591,0.00400722848387078,"8644/467/53335/2353/8061/2752/3309/3725/4929/5366/5743/79567/3371",13
"GO:0010837","BP","GO:0010837","regulation of keratinocyte proliferation","5/273","33/17913",0.000132630282960644,0.00511698573830591,0.00400722848387078,"374/3037/58495/7538/677",5
"GO:0030193","BP","GO:0030193","regulation of blood coagulation","7/273","74/17913",0.000133176050570732,0.00511698573830591,0.00400722848387078,"1906/2152/5327/5328/5329/5055/7057",7
"GO:0007566","BP","GO:0007566","embryo implantation","6/273","52/17913",0.0001341018111012,0.00511698573830591,0.00400722848387078,"2192/3490/5743/7356/7076/81671",6
"GO:1900151","BP","GO:1900151","regulation of nuclear-transcribed mRNA catabolic process, deadenylation-dependent decay","4/273","18/17913",0.000136451760121255,0.00511698573830591,0.00400722848387078,"7832/7538/677/678",4
"GO:1902644","BP","GO:1902644","tertiary alcohol metabolic process","4/273","18/17913",0.000136451760121255,0.00511698573830591,0.00400722848387078,"231/1645/1646/8644",4
"GO:0007178","BP","GO:0007178","transmembrane receptor protein serine/threonine kinase signaling pathway","15/273","323/17913",0.00013768311140518,0.00511698573830591,0.00400722848387078,"10370/22943/1958/2353/10468/9518/3280/3248/3303/3309/3397/3725/8425/58495/7057",15
"GO:0045861","BP","GO:0045861","negative regulation of proteolysis","15/273","324/17913",0.000142426630074423,0.00523926532059485,0.0041029884195446,"1410/1476/9709/5266/5327/5329/5743/6317/6318/6690/7980/7057/7076/7078/10406",15
"GO:1900046","BP","GO:1900046","regulation of hemostasis","7/273","75/17913",0.000144998805790925,0.00528000701895239,0.00413489417470773,"1906/2152/5327/5328/5329/5055/7057",7
"GO:0035690","BP","GO:0035690","cellular response to drug","16/273","362/17913",0.000146522728705031,0.00528214436981636,0.00413656798301992,"53335/1499/1545/1906/1958/1978/54206/114907/3309/3397/23135/4502/4609/4824/5743/388",16
"GO:0050819","BP","GO:0050819","negative regulation of coagulation","6/273","53/17913",0.000149309654282629,0.00532931983850374,0.00417351217077656,"1906/5327/5328/5329/5055/7057",6
"GO:0048661","BP","GO:0048661","positive regulation of smooth muscle cell proliferation","8/273","101/17913",0.000156152319351813,0.00546533117731346,0.00428002575883048,"231/1906/1839/3248/3398/3725/5743/7057",8
"GO:2000379","BP","GO:2000379","positive regulation of reactive oxygen species metabolic process","8/273","101/17913",0.000156152319351813,0.00546533117731346,0.00428002575883048,"8644/1191/23564/1906/1647/3643/5743/7057",8
"GO:0045444","BP","GO:0045444","fat cell differentiation","12/273","222/17913",0.000160373511773596,0.00555910105715204,0.00435345909490672,"84159/171023/1649/3280/3398/3400/3638/4929/5743/7538/677/678",12
"GO:0046683","BP","GO:0046683","response to organophosphorus","9/273","130/17913",0.000171718653763673,0.00589567377921943,0.0046170368861571,"1645/374/1843/2353/2354/8061/3309/5743/677",9
"GO:0000786","CC","GO:0000786","nucleosome","8/277","106/18678",0.000181857793312401,0.00668832550960052,0.00597684677436078,"3005/8971/3006/8334/3012/8347/3017/8349",8
"GO:0071241","BP","GO:0071241","cellular response to inorganic substance","11/273","194/17913",0.000198152426547743,0.00673905186513787,0.00527750554122192,"8644/9076/1906/2353/2354/3309/3398/3725/3726/4502/5743",11
"GO:0050818","BP","GO:0050818","regulation of coagulation","7/273","79/17913",0.000201097916276317,0.00677530830071141,0.00530589878458515,"1906/2152/5327/5328/5329/5055/7057",7
"GO:0071398","BP","GO:0071398","cellular response to fatty acid","6/273","56/17913",0.000203263493981261,0.00678486014631895,0.00531337905319437,"1646/8644/9076/1906/3399/3371",6
"GO:0016328","CC","GO:0016328","lateral plasma membrane","6/277","58/18678",0.000213650208193159,0.00707182189119358,0.00631954826339767,"9076/1365/1364/1499/2011/4070",6
"GO:2000241","BP","GO:2000241","regulation of reproductive process","9/273","135/17913",0.000228220853320766,0.00754803831395745,0.00591104131923028,"2683/10370/1499/1843/3643/4824/26471/6690/7076",9
"GO:0007050","BP","GO:0007050","cell cycle arrest","12/273","231/17913",0.000231762642775375,0.00756658037085383,0.0059255620277772,"7832/1029/3576/1649/1843/1647/3398/4609/4824/10769/6659/7057",12
"GO:0071356","BP","GO:0071356","cellular response to tumor necrosis factor","13/273","266/17913",0.000233480678915097,0.00756658037085383,0.0059255620277772,"9590/330/9076/3576/1906/3037/3303/3304/4824/7057/7538/677/678",13
"GO:0045682","BP","GO:0045682","regulation of epidermis development","7/273","81/17913",0.000235078225113905,0.00756658037085383,0.0059255620277772,"1499/54206/10468/3280/58495/7538/677",7
"GO:0097305","BP","GO:0097305","response to alcohol","12/273","232/17913",0.000241150478851859,0.00769334049788453,0.00602483078044421,"1646/8644/9076/1365/1499/1978/2353/2354/8061/3248/3490/3371",12
"GO:0050878","BP","GO:0050878","regulation of body fluid levels","19/273","499/17913",0.000247732445166308,0.00783399530547842,0.00613498077503267,"10551/231/9076/1364/1906/2152/2192/3037/3315/10398/5327/5328/5329/64145/6288/5055/3925/7980/7057",19
"GO:0043491","BP","GO:0043491","protein kinase B signaling","13/273","268/17913",0.000251096671396311,0.00787133478594521,0.00616422217560554,"1646/8644/374/1649/2152/642273/9518/1839/3643/4824/3084/7057/677",13
"GO:0009612","BP","GO:0009612","response to mechanical stimulus","11/273","200/17913",0.000257968671075314,0.00801704361402162,0.00627833008914694,"7832/1906/2353/2354/8061/1647/3725/5743/7057/3371/10628",11
"GO:0043618","BP","GO:0043618","regulation of transcription from RNA polymerase II promoter in response to stress","8/273","109/17913",0.000264406203772482,0.00814687491110938,0.00638000394527932,"467/10370/1649/3337/1958/3303/3309/3725",8
"GO:0010810","BP","GO:0010810","regulation of cell-substrate adhesion","11/273","201/17913",0.000269287134860427,0.00817450617168192,0.00640164261696501,"10551/1029/4680/2192/3037/23189/4739/5328/6385/4070/7057",11
"GO:0009410","BP","GO:0009410","response to xenobiotic stimulus","13/273","270/17913",0.000269838067803093,0.00817450617168192,0.00640164261696501,"1645/200315/9076/1545/1906/1958/1978/54206/114907/2354/3309/4929/7356",13
"GO:0044815","CC","GO:0044815","DNA packaging complex","8/277","113/18678",0.000282299518825097,0.00849464915737338,0.00759102055405286,"3005/8971/3006/8334/3012/8347/3017/8349",8
"GO:0071548","BP","GO:0071548","response to dexamethasone","5/273","39/17913",0.000298638893610291,0.00897161009554249,0.00702587291809474,"9076/1906/1978/54206/114907",5
"GO:0048608","BP","GO:0048608","reproductive structure development","17/273","426/17913",0.000305966459362777,0.00911577757027116,0.00713877376260084,"8644/84159/836/10370/1499/8061/3280/3309/3400/3643/3726/4824/26471/58495/5743/3371/677",17
"GO:0048660","BP","GO:0048660","regulation of smooth muscle cell proliferation","10/273","172/17913",0.000314946227719183,0.00930640287645617,0.00728805679674588,"231/1499/1906/1839/3248/3398/3486/3725/5743/7057",10
"GO:0010634","BP","GO:0010634","positive regulation of epithelial cell migration","10/273","173/17913",0.000329864481759644,0.00959001174793158,0.0075101573860727,"1906/9982/3037/1839/3315/3725/10769/5743/388/7057",10
"GO:0051897","BP","GO:0051897","positive regulation of protein kinase B signaling","10/273","173/17913",0.000329864481759644,0.00959001174793158,0.0075101573860727,"1646/8644/374/2152/642273/9518/1839/3643/3084/7057",10
"GO:0071470","BP","GO:0071470","cellular response to osmotic stress","5/273","40/17913",0.000337092911931756,0.00972175958011184,0.00761333212463974,"231/836/54206/5743/677",5
"GO:0042594","BP","GO:0042594","response to starvation","10/273","174/17913",0.000345368116364735,0.00980355952358165,0.00767739152996452,"8644/467/1649/1978/2752/3309/3725/5366/79567/7538",10
"GO:0048659","BP","GO:0048659","smooth muscle cell proliferation","10/273","174/17913",0.000345368116364735,0.00980355952358165,0.00767739152996452,"231/1499/1906/1839/3248/3398/3486/3725/5743/7057",10
"GO:0061041","BP","GO:0061041","regulation of wound healing","9/273","143/17913",0.00035023751225668,0.00986411118504165,0.00772481092000342,"1906/2152/1839/23189/5327/5328/5329/5055/7057",9
"GO:0048871","BP","GO:0048871","multicellular organismal homeostasis","18/273","472/17913",0.000353228571253397,0.00987123255324416,0.00773038782620654,"231/9076/1364/1499/1649/1958/50486/3033/3037/3315/3397/9807/23135/5743/4891/3925/7090/124220",18
"GO:0031098","BP","GO:0031098","stress-activated protein kinase signaling cascade","13/273","278/17913",0.000357250476348005,0.00990683051718889,0.00775826540538743,"231/1410/22943/1843/1906/1647/4616/5609/91862/4609/6317/7538/677",13
"GO:0071383","BP","GO:0071383","cellular response to steroid hormone stimulus","12/273","243/17913",0.000367697034168281,0.0101088147346568,0.00791644386257379,"8644/1499/1906/1978/54206/114907/2274/4824/4929/7538/677/678",12
"GO:0070841","BP","GO:0070841","inclusion body assembly","4/273","23/17913",0.000371872715811214,0.0101088147346568,0.00791644386257379,"1191/3337/3303/3304",4
"GO:0006692","BP","GO:0006692","prostanoid metabolic process","5/273","41/17913",0.000379178925754555,0.0101088147346568,0.00791644386257379,"1646/8644/1906/3248/5743",5
"GO:0006693","BP","GO:0006693","prostaglandin metabolic process","5/273","41/17913",0.000379178925754555,0.0101088147346568,0.00791644386257379,"1646/8644/1906/3248/5743",5
"GO:0043620","BP","GO:0043620","regulation of DNA-templated transcription in response to stress","8/273","115/17913",0.000380650288649313,0.0101088147346568,0.00791644386257379,"467/10370/1649/3337/1958/3303/3309/3725",8
"GO:0010721","BP","GO:0010721","negative regulation of cell development","14/273","317/17913",0.000381358891515486,0.0101088147346568,0.00791644386257379,"53335/1499/22943/2192/2931/3280/3397/3398/3400/23189/29116/3084/10769/4070",14
"GO:0016102","BP","GO:0016102","diterpenoid biosynthetic process","3/273","10/17913",0.000388111700686215,0.0102127202990789,0.00799781468490533,"8644/1382/10170",3
"GO:0071496","BP","GO:0071496","cellular response to external stimulus","14/273","320/17913",0.000419031952262596,0.0109107212682687,0.00854443519716667,"8644/467/53335/2353/8061/1647/2752/3309/3725/4929/5366/5743/79567/3371",14
"GO:0071900","BP","GO:0071900","regulation of protein serine/threonine kinase activity","18/273","479/17913",0.000420690778443646,0.0109107212682687,0.00854443519716667,"836/1029/22943/1843/1847/1849/1906/1647/4616/9518/3315/3643/5609/3084/6288/6317/29950/7057",18
"GO:0045429","BP","GO:0045429","positive regulation of nitric oxide biosynthetic process","5/273","42/17913",0.000425115449867161,0.0109314210127694,0.00856064564019198,"1191/23564/1906/3643/5743",5
"GO:0034754","BP","GO:0034754","cellular hormone metabolic process","8/273","117/17913",0.000427553498696389,0.0109314210127694,0.00856064564019198,"231/1645/1646/8644/1382/1545/10170/1958",8
"GO:0043409","BP","GO:0043409","negative regulation of MAPK cascade","10/273","179/17913",0.000432305623950536,0.0109750829178992,0.00859483827602177,"467/1843/1849/54206/2192/91862/4609/8000/6317/7078",10
"GO:0005719","CC","GO:0005719","nuclear euchromatin","4/277","24/18678",0.000398035904557669,0.010979157034049,0.0098112358930443,"1499/3005/3006/3725",4
"GO:0043405","BP","GO:0043405","regulation of MAP kinase activity","14/273","322/17913",0.000445876023631571,0.0112404410153274,0.00880264626705833,"22943/1843/1847/1849/1906/1647/4616/9518/3643/5609/3084/6288/6317/7057",14
"GO:0003712","MF","GO:0003712","transcription coregulator activity","21/272","494/16969",5.00189794635566e-05,0.0113033317840355,0.00951323561719441,"57492/84159/171023/467/8553/694/10370/1499/55827/1649/3337/2274/3303/3399/3400/3725/3726/135112/3084/26471/6659",21
"GO:0005520","MF","GO:0005520","insulin-like growth factor binding","5/272","26/16969",5.09159089370968e-05,0.0113033317840355,0.00951323561719441,"3486/3489/3490/3643/3691",5
"GO:0008106","MF","GO:0008106","alcohol dehydrogenase (NADP+) activity","4/272","15/16969",7.66843152619536e-05,0.0113492786587691,0.00955190593613808,"231/1645/1646/8644",4
"GO:0005912","CC","GO:0005912","adherens junction","18/277","496/18678",0.000463101590231084,0.011524854102779,0.0102988837744662,"9590/1499/55827/667/2274/3303/3304/3309/3315/143903/4739/5328/5329/5500/388/390/6385/3371",18
"GO:1990907","CC","GO:1990907","beta-catenin-TCF complex","3/277","11/18678",0.00048745606477011,0.011524854102779,0.0102988837744662,"1499/7090/7091",3
"GO:0043406","BP","GO:0043406","positive regulation of MAP kinase activity","12/273","250/17913",0.0004744677802006,0.0116373482233683,0.00911347337326046,"22943/1847/1849/1906/1647/4616/9518/3643/5609/3084/6288/7057",12
"GO:0043616","BP","GO:0043616","keratinocyte proliferation","5/273","43/17913",0.000475126003021606,0.0116373482233683,0.00911347337326046,"374/3037/58495/7538/677",5
"GO:0071364","BP","GO:0071364","cellular response to epidermal growth factor stimulus","5/273","43/17913",0.000475126003021606,0.0116373482233683,0.00911347337326046,"54206/3397/7538/677/678",5
"GO:1904407","BP","GO:1904407","positive regulation of nitric oxide metabolic process","5/273","43/17913",0.000475126003021606,0.0116373482233683,0.00911347337326046,"1191/23564/1906/3643/5743",5
"GO:0001523","BP","GO:0001523","retinoid metabolic process","7/273","91/17913",0.000480988872477636,0.0116373482233683,0.00911347337326046,"231/1645/8644/1382/1545/10170/6385",7
"GO:1901655","BP","GO:1901655","cellular response to ketone","7/273","91/17913",0.000480988872477636,0.0116373482233683,0.00911347337326046,"231/1646/8644/1978/54206/114907/3371",7
"GO:0090575","CC","GO:0090575","RNA polymerase II transcription factor complex","8/277","124/18678",0.000528173901334588,0.0116550374227832,0.0104152186859663,"902/1499/1649/2353/3725/3726/7090/7091",8
"GO:0031581","BP","GO:0031581","hemidesmosome assembly","3/273","11/17913",0.000527650402971662,0.0124746878154287,0.00976921314577116,"3691/3861/3852",3
"GO:0090084","BP","GO:0090084","negative regulation of inclusion body assembly","3/273","11/17913",0.000527650402971662,0.0124746878154287,0.00976921314577116,"3337/3303/3304",3
"GO:1990440","BP","GO:1990440","positive regulation of transcription from RNA polymerase II promoter in response to endoplasmic reticulum stress","3/273","11/17913",0.000527650402971662,0.0124746878154287,0.00976921314577116,"467/1649/3309",3
"GO:1903573","BP","GO:1903573","negative regulation of response to endoplasmic reticulum stress","5/273","44/17913",0.000529438900349679,0.0124746878154287,0.00976921314577116,"1191/10488/9709/3303/3309",5
"GO:0007179","BP","GO:0007179","transforming growth factor beta receptor signaling pathway","10/273","184/17913",0.000536717662033899,0.0125640725430663,0.00983921236893313,"10370/2353/9518/3248/3303/3309/3397/3725/8425/7057",10
"GO:0051591","BP","GO:0051591","response to cAMP","7/273","93/17913",0.000548656973509475,0.0127606992871075,0.0099931952662303,"374/1843/2353/2354/8061/3309/677",7
"GO:2001243","BP","GO:2001243","negative regulation of intrinsic apoptotic signaling pathway","7/273","94/17913",0.000585217807802675,0.0135237833149272,0.0105907838092225,"1191/10488/9709/3303/3315/5329/5743",7
"GO:0007263","BP","GO:0007263","nitric oxide mediated signal transduction","4/273","26/17913",0.000605684608823706,0.0139075988204424,0.0108913585039569,"23564/4502/6690/7057",4
"GO:0034599","BP","GO:0034599","cellular response to oxidative stress","13/273","296/17913",0.000645374584119004,0.0146797879733217,0.0114960774784871,"8644/1499/1545/2353/2878/3303/3304/3315/3725/23135/135112/4929/388",13
"GO:2001234","BP","GO:2001234","negative regulation of apoptotic signaling pathway","11/273","223/17913",0.000647458054856628,0.0146797879733217,0.0114960774784871,"1191/10488/1499/9709/3303/3304/3315/4929/5329/5743/7057",11
"GO:0097327","BP","GO:0097327","response to antineoplastic agent","7/273","96/17913",0.000664139558983633,0.01496389443835,0.0117185677446981,"9076/1499/1906/1958/1978/54206/114907",7
"GO:0043410","BP","GO:0043410","positive regulation of MAPK cascade","18/273","499/17913",0.000678443365486262,0.0151912318793663,0.0118966008907104,"9590/1499/22943/1847/1849/1906/1647/4616/9518/3486/3487/3643/3725/3814/5609/3084/6288/7057",18
"GO:0030016","CC","GO:0030016","myofibril","10/277","197/18678",0.000741202269178851,0.0153336219436375,0.0137024893183722,"800/1073/1410/1499/667/114907/3315/10398/6385/7169",10
"GO:1902004","BP","GO:1902004","positive regulation of amyloid-beta formation","3/273","12/17913",0.000695625491947856,0.0153460776434754,0.0120178641476899,"836/1191/2931",3
"GO:1902947","BP","GO:1902947","regulation of tau-protein kinase activity","3/273","12/17913",0.000695625491947856,0.0153460776434754,0.0120178641476899,"1191/22943/1958",3
"GO:0045686","BP","GO:0045686","negative regulation of glial cell differentiation","4/273","27/17913",0.000702566611860571,0.0153460776434754,0.0120178641476899,"1499/3280/3398/3400",4
"GO:1901661","BP","GO:1901661","quinone metabolic process","4/273","27/17913",0.000702566611860571,0.0153460776434754,0.0120178641476899,"231/1645/1646/8644",4
"GO:0016101","BP","GO:0016101","diterpenoid metabolic process","7/273","97/17913",0.000706643242390267,0.0153460776434754,0.0120178641476899,"231/1645/8644/1382/1545/10170/6385",7
"GO:0045646","BP","GO:0045646","regulation of erythrocyte differentiation","5/273","47/17913",0.000720542283189743,0.0154616364934466,0.0121083609242788,"3303/3304/3398/7538/677",5
"GO:0070849","BP","GO:0070849","response to epidermal growth factor","5/273","47/17913",0.000720542283189743,0.0154616364934466,0.0121083609242788,"54206/3397/7538/677/678",5
"GO:0034637","BP","GO:0034637","cellular carbohydrate biosynthetic process","6/273","71/17913",0.000741256576468004,0.0158120115867879,0.0123827476679364,"231/2683/2931/3037/3643/5500",6
"GO:0051346","BP","GO:0051346","negative regulation of hydrolase activity","16/273","420/17913",0.000754933784057852,0.0160090370089915,0.0125370427792146,"1410/1476/9709/5266/5329/5514/5743/6317/6318/23677/6690/7980/7057/7076/7078/10406",16
"GO:0019838","MF","GO:0019838","growth factor binding","9/272","121/16969",0.0001446425468748,0.0160553227031028,0.0135126589843563,"1843/9982/3486/3489/3490/3643/3691/8425/7057",9
"GO:0032355","BP","GO:0032355","response to estradiol","8/273","128/17913",0.000776704790832649,0.0163743904734018,0.0128231594275972,"374/836/1410/1499/1843/3248/5743/10628",8
"GO:2000377","BP","GO:2000377","regulation of reactive oxygen species metabolic process","10/273","194/17913",0.000808659375858774,0.0167802319312784,0.0131409831490441,"8644/1191/1410/1545/23564/1906/1647/3643/5743/7057",10
"GO:0042533","BP","GO:0042533","tumor necrosis factor biosynthetic process","4/273","28/17913",0.00080991965493549,0.0167802319312784,0.0131409831490441,"9590/54206/3315/7057",4
"GO:0042534","BP","GO:0042534","regulation of tumor necrosis factor biosynthetic process","4/273","28/17913",0.00080991965493549,0.0167802319312784,0.0131409831490441,"9590/54206/3315/7057",4
"GO:0016323","CC","GO:0016323","basolateral plasma membrane","10/277","201/18678",0.000864783359542035,0.0168378407063773,0.0150466949864589,"481/2683/1048/9076/1364/1499/667/3248/51458/4070",10
"GO:0001228","MF","GO:0001228","DNA-binding transcription activator activity, RNA polymerase II-specific","17/272","390/16969",0.000195224483881956,0.0173359341687177,0.0145904614269673,"467/8538/10488/1649/1958/2353/2354/8061/9592/3725/3726/1316/22877/4609/4929/6659/51193",17
"GO:0062023","CC","GO:0062023","collagen-containing extracellular matrix","15/277","399/18678",0.000958120945056292,0.0176187796007574,0.0157445605591122,"56999/1191/1476/667/2152/2192/9518/3490/8425/4256/8404/7057/7076/7078/3371",15
"GO:0061045","BP","GO:0061045","negative regulation of wound healing","6/273","73/17913",0.000859039845760841,0.0176962208226733,0.0138583149854471,"1906/5327/5328/5329/5055/7057",6
"GO:2001238","BP","GO:2001238","positive regulation of extrinsic apoptotic signaling pathway","5/273","49/17913",0.000873838362604398,0.0177026690667604,0.0138633647527707,"467/50486/5366/7057/7078",5
"GO:0016114","BP","GO:0016114","terpenoid biosynthetic process","3/273","13/17913",0.000894155325615648,0.0177026690667604,0.0138633647527707,"8644/1382/10170",3
"GO:0042574","BP","GO:0042574","retinal metabolic process","3/273","13/17913",0.000894155325615648,0.0177026690667604,0.0138633647527707,"1645/8644/1545",3
"GO:0061469","BP","GO:0061469","regulation of type B pancreatic cell proliferation","3/273","13/17913",0.000894155325615648,0.0177026690667604,0.0138633647527707,"54206/26471/130367",3
"GO:0071850","BP","GO:0071850","mitotic cell cycle arrest","3/273","13/17913",0.000894155325615648,0.0177026690667604,0.0138633647527707,"1843/1647/4824",3
"GO:1900025","BP","GO:1900025","negative regulation of substrate adhesion-dependent cell spreading","3/273","13/17913",0.000894155325615648,0.0177026690667604,0.0138633647527707,"2192/23189/4070",3
"GO:1904018","BP","GO:1904018","positive regulation of vasculature development","11/273","232/17913",0.000896402045860647,0.0177026690667604,0.0138633647527707,"694/3576/1545/1958/2152/9982/3315/10769/5743/388/7057",11
"GO:0009913","BP","GO:0009913","epidermal cell differentiation","14/273","346/17913",0.000900936131061255,0.0177026690667604,0.0138633647527707,"8644/1499/54206/3280/3861/3866/25984/3852/83896/58495/5266/10628/7538/677",14
"GO:0072593","BP","GO:0072593","reactive oxygen species metabolic process","12/273","269/17913",0.000903548157637704,0.0177026690667604,0.0138633647527707,"8644/1191/1410/1545/23564/1906/1647/2878/3643/5366/5743/7057",12
"GO:0030018","CC","GO:0030018","Z disc","7/277","106/18678",0.00102181019611411,0.017801009205988,0.0159074052691449,"1073/1410/1499/667/114907/3315/10398",7
"GO:0070373","BP","GO:0070373","negative regulation of ERK1 and ERK2 cascade","6/273","74/17913",0.000923086651218792,0.0178566161665803,0.0139839242452057,"467/1843/54206/2192/8000/7078",6
"GO:0070997","BP","GO:0070997","neuron death","14/273","347/17913",0.000926265526532734,0.0178566161665803,0.0139839242452057,"7832/836/1191/1499/1649/22943/1958/2353/3309/3725/135112/4929/26471/54463",14
"GO:2000146","BP","GO:2000146","negative regulation of cell motility","14/273","347/17913",0.000926265526532734,0.0178566161665803,0.0139839242452057,"56999/10370/1545/1843/2192/3486/23189/91862/3084/388/374969/4070/7057/7076",14
"GO:0045661","BP","GO:0045661","regulation of myoblast differentiation","5/273","50/17913",0.000959001449790485,0.0183739641899552,0.014389071306653,"694/1649/3399/3486/677",5
"GO:0051403","BP","GO:0051403","stress-activated MAPK cascade","12/273","271/17913",0.000963295209958816,0.0183739641899552,0.014389071306653,"1410/22943/1843/1906/1647/4616/5609/91862/4609/6317/7538/677",12
"GO:0043292","CC","GO:0043292","contractile fiber","10/277","209/18678",0.00116291491340533,0.0184362273256466,0.0164750512911645,"800/1073/1410/1499/667/114907/3315/10398/6385/7169",10
"GO:0044798","CC","GO:0044798","nuclear transcription factor complex","8/277","140/18678",0.00116967001159691,0.0184362273256466,0.0164750512911645,"902/1499/1649/2353/3725/3726/7090/7091",8
"GO:0000791","CC","GO:0000791","euchromatin","4/277","32/18678",0.00122728968064234,0.0184651311042098,0.0165008803952392,"1499/3005/3006/3725",4
"GO:0050679","BP","GO:0050679","positive regulation of epithelial cell proliferation","10/273","199/17913",0.000982150235997007,0.0185374429359645,0.0145170952490712,"374/2683/1499/2152/9982/2752/3037/3397/3725/4609",10
"GO:0071229","BP","GO:0071229","cellular response to acid chemical","10/273","199/17913",0.000982150235997007,0.0185374429359645,0.0145170952490712,"1645/1646/8644/53335/9076/1906/1958/3399/23677/3371",10
"GO:0051348","BP","GO:0051348","negative regulation of transferase activity","12/273","272/17913",0.000994381318445577,0.0186705450676891,0.0146213305705649,"836/1029/1843/1849/54206/1647/4616/2931/3315/113791/6317/7538",12
"GO:0045599","BP","GO:0045599","negative regulation of fat cell differentiation","5/273","51/17913",0.0010501812092057,0.0194368798932987,0.0152214648876056,"171023/1649/3400/3638/678",5
"GO:1900024","BP","GO:1900024","regulation of substrate adhesion-dependent cell spreading","5/273","51/17913",0.0010501812092057,0.0194368798932987,0.0152214648876056,"2192/3037/23189/4739/4070",5
"GO:0034694","BP","GO:0034694","response to prostaglandin","4/273","30/17913",0.00105845147496045,0.0194368798932987,0.0152214648876056,"1646/8644/1906/3371",4
"GO:1904837","BP","GO:1904837","beta-catenin-TCF complex assembly","4/273","30/17913",0.00105845147496045,0.0194368798932987,0.0152214648876056,"1499/4609/7090/7091",4
"GO:0006809","BP","GO:0006809","nitric oxide biosynthetic process","6/273","76/17913",0.00106215404687375,0.0194368798932987,0.0152214648876056,"1191/1545/23564/1906/3643/5743",6
"GO:0060562","BP","GO:0060562","epithelial tube morphogenesis","13/273","313/17913",0.00107754950684432,0.0195204320209738,0.0152868964684289,"374/1499/1906/3280/4609/4824/58495/5613/388/6385/6659/4070/3371",13
"GO:1901214","BP","GO:1901214","regulation of neuron death","13/273","313/17913",0.00107754950684432,0.0195204320209738,0.0152868964684289,"7832/836/1191/1499/1649/22943/1958/2353/3725/135112/4929/26471/54463",13
"GO:0045766","BP","GO:0045766","positive regulation of angiogenesis","10/273","203/17913",0.00114194411046049,0.0205835425910503,0.0161194426539738,"694/3576/1545/2152/9982/3315/10769/5743/388/7057",10
"GO:0006721","BP","GO:0006721","terpenoid metabolic process","7/273","106/17913",0.00119409947533629,0.0212449813560595,0.0166374304684872,"231/1645/8644/1382/1545/10170/6385",7
"GO:0042572","BP","GO:0042572","retinol metabolic process","4/273","31/17913",0.00120083786576941,0.0212449813560595,0.0166374304684872,"231/8644/1545/10170",4
"GO:0051385","BP","GO:0051385","response to mineralocorticoid","4/273","31/17913",0.00120083786576941,0.0212449813560595,0.0166374304684872,"1906/2353/2354/8061",4
"GO:0034308","BP","GO:0034308","primary alcohol metabolic process","6/273","78/17913",0.00121676153320343,0.0212449813560595,0.0166374304684872,"231/1645/1646/8644/1545/10170",6
"GO:0042180","BP","GO:0042180","cellular ketone metabolic process","11/273","241/17913",0.00121989213334378,0.0212449813560595,0.0166374304684872,"231/1645/1646/8644/10170/1958/2170/3638/56267/4953/5743",11
"GO:0048872","BP","GO:0048872","homeostasis of number of cells","11/273","241/17913",0.00121989213334378,0.0212449813560595,0.0166374304684872,"171023/836/6372/338442/3303/3304/3398/5366/4891/7538/677",11
"GO:0051896","BP","GO:0051896","regulation of protein kinase B signaling","11/273","241/17913",0.00121989213334378,0.0212449813560595,0.0166374304684872,"1646/8644/374/1649/2152/642273/9518/1839/3643/3084/7057",11
"GO:0038066","BP","GO:0038066","p38MAPK cascade","5/273","53/17913",0.00125162884036909,0.0216928940842815,0.0169882011633092,"1843/1647/4616/7538/677",5
"GO:0044344","BP","GO:0044344","cellular response to fibroblast growth factor stimulus","8/273","138/17913",0.0012655634823341,0.0218294562383466,0.0170951461073788,"1499/3576/9982/3187/7057/7538/677/678",8
"GO:0001659","BP","GO:0001659","temperature homeostasis","9/273","172/17913",0.00131746420094578,0.0226164687829026,0.0177114736187298,"1649/1958/50486/3033/3397/9807/23135/5743/7090",9
"GO:0060674","BP","GO:0060674","placenta blood vessel development","4/273","32/17913",0.00135610852209752,0.0231695318585857,0.0181445899539315,"8061/3280/3726/58495",4
"GO:1903034","BP","GO:1903034","regulation of response to wounding","9/273","173/17913",0.00137166174651087,0.023319776290731,0.0182622498026836,"1906/2152/1839/23189/5327/5328/5329/5055/7057",9
"GO:0007517","BP","GO:0007517","muscle organ development","15/273","403/17913",0.00138028990293671,0.023319776290731,0.0182622498026836,"84159/467/7832/1073/1410/1499/22943/1906/1958/2353/2931/1839/3399/3084/26471",15
"GO:0042535","BP","GO:0042535","positive regulation of tumor necrosis factor biosynthetic process","3/273","15/17913",0.00139077722677037,0.023319776290731,0.0182622498026836,"9590/3315/7057",3
"GO:0061158","BP","GO:0061158","3'-UTR-mediated mRNA destabilization","3/273","15/17913",0.00139077722677037,0.023319776290731,0.0182622498026836,"7538/677/678",3
"GO:0071456","BP","GO:0071456","cellular response to hypoxia","10/273","210/17913",0.00147242742598336,0.0245534562495255,0.0192283727750135,"10370/1906/1958/1978/29923/4609/4824/5366/5743/677",10
"GO:0046209","BP","GO:0046209","nitric oxide metabolic process","6/273","81/17913",0.00148026201186364,0.0245534562495255,0.0192283727750135,"1191/1545/23564/1906/3643/5743",6
"GO:0007611","BP","GO:0007611","learning or memory","11/273","247/17913",0.00148478598124731,0.0245534562495255,0.0192283727750135,"7832/836/22943/2353/8061/3643/3725/10769/5743/6446/4891",11
"GO:0051271","BP","GO:0051271","negative regulation of cellular component movement","14/273","365/17913",0.00149575600559951,0.0246219196355535,0.0192819880173895,"56999/10370/1545/1843/2192/3486/23189/91862/3084/388/374969/4070/7057/7076",14
"GO:0031674","CC","GO:0031674","I band","7/277","116/18678",0.00172547814239598,0.0248318810927422,0.0221903596344747,"1073/1410/1499/667/114907/3315/10398",7
"GO:0050890","BP","GO:0050890","cognition","12/273","286/17913",0.00152492484873963,0.0249879730895744,0.0195686528436348,"7832/836/22943/2353/8061/3122/3643/3725/10769/5743/6446/4891",12
"GO:0045445","BP","GO:0045445","myoblast differentiation","6/273","82/17913",0.00157709408141745,0.0257259011923526,0.0201465412067712,"694/1649/3399/3486/3084/677",6
"GO:0055123","BP","GO:0055123","digestive system development","8/273","143/17913",0.00158830183354603,0.0257920185132138,0.0201983191918941,"10551/1499/3576/3280/3398/3643/3691/58495",8
"GO:0045637","BP","GO:0045637","regulation of myeloid cell differentiation","11/273","250/17913",0.00163392504492162,0.0264139003898764,0.0206853291030436,"1499/2353/3303/3304/3398/3725/4609/10398/7057/7538/677",11
"GO:0030218","BP","GO:0030218","erythrocyte differentiation","7/273","112/17913",0.00164357311573752,0.0264410382322312,0.0207065813676456,"836/3303/3304/3398/4891/7538/677",7
"GO:0010212","BP","GO:0010212","response to ionizing radiation","8/273","144/17913",0.00166004308927833,0.0264410382322312,0.0207065813676456,"836/1410/1958/1647/3309/3861/4609/388",8
"GO:0070371","BP","GO:0070371","ERK1 and ERK2 cascade","12/273","289/17913",0.00166462975823784,0.0264410382322312,0.0207065813676456,"9590/467/1843/54206/2192/3725/5609/4609/8000/7078/677/678",12
"GO:0030099","BP","GO:0030099","myeloid cell differentiation","15/273","411/17913",0.00167284766769224,0.0264410382322312,0.0207065813676456,"836/1499/2353/3303/3304/3398/3725/3726/4609/10398/5613/4891/7057/7538/677",15
"GO:0048385","BP","GO:0048385","regulation of retinoic acid receptor signaling pathway","3/273","16/17913",0.00169254153496739,0.0264410382322312,0.0207065813676456,"8644/171023/1382",3
"GO:1902993","BP","GO:1902993","positive regulation of amyloid precursor protein catabolic process","3/273","16/17913",0.00169254153496739,0.0264410382322312,0.0207065813676456,"836/1191/2931",3
"GO:0034329","BP","GO:0034329","cell junction assembly","10/273","214/17913",0.00169372271377023,0.0264410382322312,0.0207065813676456,"9076/1365/1499/3691/3861/3852/91862/6385/7057/81671",10
"GO:0009991","BP","GO:0009991","response to extracellular stimulus","17/273","498/17913",0.00171982484932787,0.0264410382322312,0.0207065813676456,"8644/467/53335/1649/1978/2353/8061/9518/2752/3309/3725/4929/5366/5743/79567/3371/7538",17
"GO:0002262","BP","GO:0002262","myeloid cell homeostasis","8/273","145/17913",0.00173432536773536,0.0264410382322312,0.0207065813676456,"836/338442/3303/3304/3398/4891/7538/677",8
"GO:0014074","BP","GO:0014074","response to purine-containing compound","8/273","145/17913",0.00173432536773536,0.0264410382322312,0.0207065813676456,"374/1843/2353/2354/8061/3309/5743/677",8
"GO:0043525","BP","GO:0043525","positive regulation of neuron apoptotic process","5/273","57/17913",0.00173828739557248,0.0264410382322312,0.0207065813676456,"836/1499/1649/3725/26471",5
"GO:0045604","BP","GO:0045604","regulation of epidermal cell differentiation","5/273","57/17913",0.00173828739557248,0.0264410382322312,0.0207065813676456,"54206/3280/58495/7538/677",5
"GO:0090183","BP","GO:0090183","regulation of kidney development","5/273","57/17913",0.00173828739557248,0.0264410382322312,0.0207065813676456,"1499/1958/4609/5613/4070",5
"GO:1903428","BP","GO:1903428","positive regulation of reactive oxygen species biosynthetic process","5/273","57/17913",0.00173828739557248,0.0264410382322312,0.0207065813676456,"1191/23564/1906/3643/5743",5
"GO:0007596","BP","GO:0007596","blood coagulation","13/273","331/17913",0.00177592854743251,0.0269000941743454,0.0210660785679522,"1906/2152/2192/3315/10398/5327/5328/5329/64145/6288/5055/7980/7057",13
"GO:2001057","BP","GO:2001057","reactive nitrogen species metabolic process","6/273","84/17913",0.00178513828542581,0.0269264582383265,0.0210867248690245,"1191/1545/23564/1906/3643/5743",6
"GO:0030336","BP","GO:0030336","negative regulation of cell migration","13/273","332/17913",0.00182371992585064,0.0273937930528815,0.0214527054435589,"56999/10370/1545/1843/3486/23189/91862/3084/388/374969/4070/7057/7076",13
"GO:0043393","BP","GO:0043393","regulation of protein binding","10/273","217/17913",0.00187677951229912,0.0280738180159267,0.0219852485345545,"22943/9709/3309/3397/2011/4824/51068/3084/10769/3925",10
"GO:0000187","BP","GO:0000187","activation of MAPK activity","8/273","147/17913",0.00189076508858322,0.0281661493567872,0.0220575553178782,"1847/1849/9518/3643/5609/3084/6288/7057",8
"GO:0004033","MF","GO:0004033","aldo-keto reductase (NADP) activity","4/272","23/16969",0.000449670025882545,0.0285228001017126,0.0240056757612802,"231/1645/1646/8644",4
"GO:0031994","MF","GO:0031994","insulin-like growth factor I binding","3/272","10/16969",0.000449683785387361,0.0285228001017126,0.0240056757612802,"3486/3643/3691",3
"GO:0014706","BP","GO:0014706","striated muscle tissue development","14/273","376/17913",0.00196994643149807,0.0292249254549405,0.0228867070793928,"56999/467/7832/1073/1499/22943/1906/1958/2353/2931/3398/23135/3084/26471",14
"GO:0040013","BP","GO:0040013","negative regulation of locomotion","14/273","377/17913",0.00201862982563928,0.029660424376556,0.0232277562385351,"56999/10370/1545/1843/2192/3486/23189/91862/3084/388/374969/4070/7057/7076",14
"GO:0007599","BP","GO:0007599","hemostasis","13/273","336/17913",0.00202565331558999,0.029660424376556,0.0232277562385351,"1906/2152/2192/3315/10398/5327/5328/5329/64145/6288/5055/7980/7057",13
"GO:0070059","BP","GO:0070059","intrinsic apoptotic signaling pathway in response to endoplasmic reticulum stress","5/273","59/17913",0.00202780945943368,0.029660424376556,0.0232277562385351,"10488/1649/9709/3303/5366",5
"GO:1904948","BP","GO:1904948","midbrain dopaminergic neuron differentiation","3/273","17/17913",0.00203221215561979,0.029660424376556,0.0232277562385351,"1499/22943/4929",3
"GO:0031669","BP","GO:0031669","cellular response to nutrient levels","10/273","220/17913",0.00207550930916021,0.0299780115004127,0.0234764659738979,"8644/467/53335/2752/3309/3725/5366/5743/79567/3371",10
"GO:0036294","BP","GO:0036294","cellular response to decreased oxygen levels","10/273","220/17913",0.00207550930916021,0.0299780115004127,0.0234764659738979,"10370/1906/1958/1978/29923/4609/4824/5366/5743/677",10
"GO:0050817","BP","GO:0050817","coagulation","13/273","337/17913",0.00207891896674152,0.0299780115004127,0.0234764659738979,"1906/2152/2192/3315/10398/5327/5328/5329/64145/6288/5055/7980/7057",13
"GO:0060485","BP","GO:0060485","mesenchyme development","11/273","258/17913",0.00209242956668332,0.0300526238561489,0.0235348966149912,"10370/1499/1906/3037/3280/4609/3084/58495/6317/6949/677",11
"GO:0003156","BP","GO:0003156","regulation of animal organ formation","4/273","36/17913",0.00211799973382471,0.0301794033218896,0.0236341805122441,"10370/1499/22943/3280",4
"GO:0032885","BP","GO:0032885","regulation of polysaccharide biosynthetic process","4/273","36/17913",0.00211799973382471,0.0301794033218896,0.0236341805122441,"2931/3037/3643/5500",4
"GO:1903035","BP","GO:1903035","negative regulation of response to wounding","6/273","87/17913",0.00213541149601221,0.0303077104060001,0.0237346607223571,"1906/5327/5328/5329/5055/7057",6
"GO:0030216","BP","GO:0030216","keratinocyte differentiation","12/273","298/17913",0.002148320183287,0.0303713500421555,0.0237844983759577,"8644/54206/3861/3866/25984/3852/83896/58495/5266/10628/7538/677",12
"GO:0017091","MF","GO:0017091","AU-rich element binding","4/272","25/16969",0.00062640774911413,0.0309027822896304,0.0260087427994756,"27303/7538/677/678",4
"GO:0035925","MF","GO:0035925","mRNA 3'-UTR AU-rich region binding","4/272","25/16969",0.00062640774911413,0.0309027822896304,0.0260087427994756,"27303/7538/677/678",4
"GO:2000116","BP","GO:2000116","regulation of cysteine-type endopeptidase activity","10/273","222/17913",0.00221717533967661,0.0312223324200554,0.0244509221258745,"330/1410/2152/9709/4609/4824/5329/5366/5743/7057",10
"GO:1903320","BP","GO:1903320","regulation of protein modification by small protein conjugation or removal","10/273","223/17913",0.00229087098685126,0.032134591080151,0.02516533273289,"330/1499/1958/2931/9709/3303/3304/3309/6659/374969",10
"GO:0031331","BP","GO:0031331","positive regulation of cellular catabolic process","13/273","341/17913",0.00230366626395449,0.0321457426031891,0.0251740657454568,"7832/203228/1191/2931/9709/3303/3643/26471/10769/23677/7538/677/678",13
"GO:1901342","BP","GO:1901342","regulation of vasculature development","15/273","425/17913",0.00230949995401553,0.0321457426031891,0.0251740657454568,"56999/694/1499/3576/1545/1958/2152/9982/2752/3315/3397/10769/5743/388/7057",15
"GO:0044449","CC","GO:0044449","contractile fiber part","9/277","192/18678",0.00233176929493856,0.032158984859361,0.0287380338542867,"1073/1410/1499/667/114907/3315/10398/6385/7169",9
"GO:0045765","BP","GO:0045765","regulation of angiogenesis","14/273","383/17913",0.00233214999552635,0.0322262902879376,0.0252371444783557,"56999/694/1499/3576/1545/2152/9982/2752/3315/3397/10769/5743/388/7057",14
"GO:0034405","BP","GO:0034405","response to fluid shear stress","4/273","37/17913",0.00234663254811462,0.0322262902879376,0.0252371444783557,"10370/3037/5743/7980",4
"GO:1905898","BP","GO:1905898","positive regulation of response to endoplasmic reticulum stress","4/273","37/17913",0.00234663254811462,0.0322262902879376,0.0252371444783557,"10551/1649/9709/5366",4
"GO:0014032","BP","GO:0014032","neural crest cell development","5/273","61/17913",0.0023510442013114,0.0322262902879376,0.0252371444783557,"1906/3280/3084/58495/6949",5
"GO:0035994","BP","GO:0035994","response to muscle stretch","3/273","18/17913",0.00241136423471949,0.0329279093415294,0.025786598395206,"1906/2353/3725",3
"GO:0034101","BP","GO:0034101","erythrocyte homeostasis","7/273","120/17913",0.00243590063599749,0.0331374407274375,0.0259506872124936,"836/3303/3304/3398/4891/7538/677",7
"GO:2001244","BP","GO:2001244","positive regulation of intrinsic apoptotic signaling pathway","5/273","62/17913",0.00252599402278905,0.0341024466627777,0.0267064054163281,"27113/1649/4824/26471/5366",5
"GO:0030901","BP","GO:0030901","midbrain development","6/273","90/17913",0.00253521656189304,0.0341024466627777,0.0267064054163281,"1499/22943/3280/3309/80853/4929",6
"GO:0045639","BP","GO:0045639","positive regulation of myeloid cell differentiation","6/273","90/17913",0.00253521656189304,0.0341024466627777,0.0267064054163281,"2353/3303/3304/3398/3725/677",6
"GO:0006720","BP","GO:0006720","isoprenoid metabolic process","7/273","121/17913",0.00255259437424091,0.0342085602941951,0.0267895054263906,"231/1645/8644/1382/1545/10170/6385",7
"GO:0019748","BP","GO:0019748","secondary metabolic process","5/273","63/17913",0.00271020165733146,0.0360526825633946,0.0282336797240745,"231/1645/1646/8644/1545",5
"GO:0035914","BP","GO:0035914","skeletal muscle cell differentiation","5/273","63/17913",0.00271020165733146,0.0360526825633946,0.0282336797240745,"467/7832/1958/2353/26471",5
"GO:0007519","BP","GO:0007519","skeletal muscle tissue development","8/273","156/17913",0.00273761478022947,0.0362834605982619,0.0284144072777687,"467/7832/1073/1499/22943/1958/2353/26471",8
"GO:0045930","BP","GO:0045930","negative regulation of mitotic cell cycle","12/273","308/17913",0.00281489355176475,0.0366777810105356,0.0287232086050825,"7832/1029/1499/1843/1647/4824/10769/5514/6659/7465/677/678",12
"GO:0043153","BP","GO:0043153","entrainment of circadian clock by photoperiod","3/273","19/17913",0.00283147459059537,0.0366777810105356,0.0287232086050825,"8553/3398/5500",3
"GO:0051412","BP","GO:0051412","response to corticosterone","3/273","19/17913",0.00283147459059537,0.0366777810105356,0.0287232086050825,"2353/2354/8061",3
"GO:0060716","BP","GO:0060716","labyrinthine layer blood vessel development","3/273","19/17913",0.00283147459059537,0.0366777810105356,0.0287232086050825,"3280/3726/58495",3
"GO:1905939","BP","GO:1905939","regulation of gonad development","3/273","19/17913",0.00283147459059537,0.0366777810105356,0.0287232086050825,"10370/3643/26471",3
"GO:0045616","BP","GO:0045616","regulation of keratinocyte differentiation","4/273","39/17913",0.00285375831174363,0.0366777810105356,0.0287232086050825,"54206/58495/7538/677",4
"GO:0048713","BP","GO:0048713","regulation of oligodendrocyte differentiation","4/273","39/17913",0.00285375831174363,0.0366777810105356,0.0287232086050825,"1499/3280/3398/3400",4
"GO:0009896","BP","GO:0009896","positive regulation of catabolic process","14/273","392/17913",0.00287708147609853,0.0366777810105356,0.0287232086050825,"7832/203228/1191/2931/9709/3303/3643/29116/26471/10769/23677/7538/677/678",14
"GO:0060537","BP","GO:0060537","muscle tissue development","14/273","392/17913",0.00287708147609853,0.0366777810105356,0.0287232086050825,"56999/467/7832/1073/1499/22943/1906/1958/2353/2931/3398/23135/3084/26471",14
"GO:0009314","BP","GO:0009314","response to radiation","15/273","435/17913",0.00287804448400136,0.0366777810105356,0.0287232086050825,"8553/836/1410/1843/1958/2353/1647/3309/3398/3861/5609/4609/5500/5743/388",15
"GO:0000082","BP","GO:0000082","G1/S transition of mitotic cell cycle","11/273","269/17913",0.00288849060838186,0.0366777810105356,0.0287232086050825,"7832/902/1029/1978/1647/3398/3400/4609/10769/6659/7465",11
"GO:0097164","BP","GO:0097164","ammonium ion metabolic process","9/273","193/17913",0.00288945625714067,0.0366777810105356,0.0287232086050825,"231/1645/1646/8644/2170/4929/4953/166929/130367",9
"GO:0003158","BP","GO:0003158","endothelium development","7/273","124/17913",0.00292859778752628,0.0370441930667798,0.0290101542609252,"694/9076/1499/3397/23135/3084/388",7
"GO:0010594","BP","GO:0010594","regulation of endothelial cell migration","10/273","231/17913",0.00295409343013667,0.0371902444253272,0.0291245304179072,"56999/1906/9982/2752/3315/10769/5743/388/374969/7057",10
"GO:0009408","BP","GO:0009408","response to heat","8/273","158/17913",0.00296077674065712,0.0371902444253272,0.0291245304179072,"1410/3337/3303/3304/3490/5609/5743/7057",8
"GO:1901800","BP","GO:1901800","positive regulation of proteasomal protein catabolic process","6/273","93/17913",0.00298878456566226,0.0374116956917099,0.0292979539660313,"1191/2931/9709/3303/26471/10769",6
"GO:0007162","BP","GO:0007162","negative regulation of cell adhesion","11/273","271/17913",0.00305650561424684,0.0379955266874478,0.0297551653626498,"836/1029/1545/1843/2192/23189/7356/6385/4070/7057/3371",11
"GO:0050768","BP","GO:0050768","negative regulation of neurogenesis","11/273","271/17913",0.00305650561424684,0.0379955266874478,0.0297551653626498,"53335/1499/22943/3280/3397/3398/3400/23189/29116/3084/10769",11
"GO:0014031","BP","GO:0014031","mesenchymal cell development","5/273","65/17913",0.00310750108272734,0.0381387722919158,0.0298673442694848,"1906/3280/3084/58495/6949",5
"GO:0045428","BP","GO:0045428","regulation of nitric oxide biosynthetic process","5/273","65/17913",0.00310750108272734,0.0381387722919158,0.0298673442694848,"1191/23564/1906/3643/5743",5
"GO:0048864","BP","GO:0048864","stem cell development","5/273","65/17913",0.00310750108272734,0.0381387722919158,0.0298673442694848,"1906/3280/3084/58495/6949",5
"GO:0033574","BP","GO:0033574","response to testosterone","4/273","40/17913",0.00313338780061161,0.0381387722919158,0.0298673442694848,"1843/1906/4824/7057",4
"GO:0030522","BP","GO:0030522","intracellular receptor signaling pathway","11/273","272/17913",0.00314341506732658,0.0381387722919158,0.0298673442694848,"8644/171023/330/10370/1382/1499/2274/3303/3304/4824/4929",11
"GO:0031647","BP","GO:0031647","regulation of protein stability","11/273","272/17913",0.00314341506732658,0.0381387722919158,0.0298673442694848,"481/836/902/55602/1191/1410/3303/3304/3397/29116/6659",11
"GO:0007041","BP","GO:0007041","lysosomal transport","6/273","94/17913",0.00315266411733451,0.0381387722919158,0.0298673442694848,"203228/1191/3303/63971/64145/388",6
"GO:0048709","BP","GO:0048709","oligodendrocyte differentiation","6/273","94/17913",0.00315266411733451,0.0381387722919158,0.0298673442694848,"1191/1499/3280/3398/3400/3084",6
"GO:0043281","BP","GO:0043281","regulation of cysteine-type endopeptidase activity involved in apoptotic process","9/273","196/17913",0.00320153525689641,0.0385289686192707,0.03017291593164,"1410/2152/9709/4609/4824/5329/5366/5743/7057",9
"GO:1902903","BP","GO:1902903","regulation of supramolecular fiber organization","12/273","313/17913",0.00320629419855234,0.0385289686192707,0.03017291593164,"203228/1073/1191/1410/1906/3303/3304/3397/23189/6385/3925/4070",12
"GO:0045655","BP","GO:0045655","regulation of monocyte differentiation","3/273","20/17913",0.00329392494637408,0.0393198656678098,0.0307922854868431,"3725/4609/677",3
"GO:1902236","BP","GO:1902236","negative regulation of endoplasmic reticulum stress-induced intrinsic apoptotic signaling pathway","3/273","20/17913",0.00329392494637408,0.0393198656678098,0.0307922854868431,"10488/9709/3303",3
"GO:0060993","BP","GO:0060993","kidney morphogenesis","6/273","95/17913",0.00332315685974203,0.0395378893708581,0.0309630248317809,"1499/3280/4609/5613/6659/4070",6
"GO:0031333","BP","GO:0031333","negative regulation of protein complex assembly","7/273","127/17913",0.00334563534075993,0.0396743927744722,0.0310699237670296,"1191/1410/22943/1978/3638/23189/3925",7
"GO:0006109","BP","GO:0006109","regulation of carbohydrate metabolic process","9/273","198/17913",0.00342393344008998,0.040422418632752,0.0316557199132903,"2931/3037/3486/3487/3643/22877/26471/5366/5500",9
"GO:0032881","BP","GO:0032881","regulation of polysaccharide metabolic process","4/273","41/17913",0.00343114011140697,0.040422418632752,0.0316557199132903,"2931/3037/3643/5500",4
"GO:0051100","BP","GO:0051100","negative regulation of binding","8/273","162/17913",0.0034494690074719,0.0405059797131472,0.0317211585051933,"203228/1649/22943/3309/3397/3725/4824/3925",8
"GO:0010812","BP","GO:0010812","negative regulation of cell-substrate adhesion","5/273","67/17913",0.00354516420880692,0.0413657605990803,0.0323944725678468,"1029/2192/23189/4070/7057",5
"GO:0071453","BP","GO:0071453","cellular response to oxygen levels","10/273","237/17913",0.00354563662277831,0.0413657605990803,0.0323944725678468,"10370/1906/1958/1978/29923/4609/4824/5366/5743/677",10
"GO:0007568","BP","GO:0007568","aging","12/273","318/17913",0.00364066246264487,0.0421489652512435,0.033007818031633,"1029/9076/1410/22943/1906/2353/3398/3725/3861/10769/5743/7076",12
"GO:0003206","BP","GO:0003206","cardiac chamber morphogenesis","7/273","129/17913",0.00364784387195228,0.0421489652512435,0.033007818031633,"10370/2931/3280/3398/3084/58495/6659",7
"GO:0010595","BP","GO:0010595","positive regulation of endothelial cell migration","7/273","129/17913",0.00364784387195228,0.0421489652512435,0.033007818031633,"1906/9982/3315/10769/5743/388/7057",7
"GO:0032436","BP","GO:0032436","positive regulation of proteasomal ubiquitin-dependent protein catabolic process","5/273","68/17913",0.00377982551034572,0.0429436310568514,0.0336301389866342,"1191/2931/9709/3303/10769",5
"GO:0042698","BP","GO:0042698","ovulation cycle","5/273","68/17913",0.00377982551034572,0.0429436310568514,0.0336301389866342,"836/1958/3037/3309/3814",5
"GO:0050891","BP","GO:0050891","multicellular organismal water homeostasis","5/273","68/17913",0.00377982551034572,0.0429436310568514,0.0336301389866342,"231/9076/1364/3037/3925",5
"GO:0042573","BP","GO:0042573","retinoic acid metabolic process","3/273","21/17913",0.0038000050782623,0.0429436310568514,0.0336301389866342,"8644/1382/10170",3
"GO:0071379","BP","GO:0071379","cellular response to prostaglandin stimulus","3/273","21/17913",0.0038000050782623,0.0429436310568514,0.0336301389866342,"1646/8644/3371",3
"GO:0071498","BP","GO:0071498","cellular response to fluid shear stress","3/273","21/17913",0.0038000050782623,0.0429436310568514,0.0336301389866342,"3037/5743/7980",3
"GO:2000144","BP","GO:2000144","positive regulation of DNA-templated transcription, initiation","3/273","21/17913",0.0038000050782623,0.0429436310568514,0.0336301389866342,"1499/8061/3725",3
"GO:0060538","BP","GO:0060538","skeletal muscle organ development","8/273","165/17913",0.00385535325860472,0.043393630727899,0.0339825440140814,"467/7832/1073/1499/22943/1958/2353/26471",8
"GO:0033559","BP","GO:0033559","unsaturated fatty acid metabolic process","6/273","98/17913",0.00387593594851137,0.043393630727899,0.0339825440140814,"1646/8644/1545/1906/3248/5743",6
"GO:0042136","BP","GO:0042136","neurotransmitter biosynthetic process","6/273","98/17913",0.00387593594851137,0.043393630727899,0.0339825440140814,"1191/1545/23564/1906/3643/5743",6
"GO:0004857","MF","GO:0004857","enzyme inhibitor activity","14/272","332/16969",0.000977749876200528,0.0434120945033034,0.0365369690580197,"836/1029/1476/3315/5266/5514/7356/6317/6318/6690/7076/7078/10628/10406",14
"GO:0061134","MF","GO:0061134","peptidase regulator activity","10/272","192/16969",0.00109083060916292,0.044029890042576,0.0370569250002714,"1476/2192/4824/5266/6317/6318/6690/7076/7078/10406",10
"GO:0071902","BP","GO:0071902","positive regulation of protein serine/threonine kinase activity","12/273","322/17913",0.00402132682698196,0.044788883703184,0.0350751985084866,"22943/1847/1849/1906/1647/4616/9518/3643/5609/3084/6288/7057",12
"GO:0071479","BP","GO:0071479","cellular response to ionizing radiation","5/273","69/17913",0.00402540868788672,0.044788883703184,0.0350751985084866,"1410/1958/1647/3309/388",5
"GO:0010761","BP","GO:0010761","fibroblast migration","4/273","43/17913",0.00408319840173047,0.0452920930407333,0.0354692732419145,"9590/84159/6385/7057",4
"GO:0048565","BP","GO:0048565","digestive tract development","7/273","132/17913",0.00413954648142945,0.0457762732072183,0.0358484457965573,"10551/1499/3576/3280/3398/3691/58495",7
"GO:0043254","BP","GO:0043254","regulation of protein complex assembly","14/273","409/17913",0.00419158219734272,0.0462099505242217,0.0361880684154939,"1191/1410/1499/22943/1978/8061/3303/3304/3638/3725/23189/4312/5366/3925",14
"GO:0016055","BP","GO:0016055","Wnt signaling pathway","16/273","498/17913",0.00420869414553794,0.0462571414471471,0.0362250247058175,"1499/1649/22943/1958/2931/3487/3489/23189/2011/4929/27303/57674/6659/7090/7091/9559",16
"GO:0033002","BP","GO:0033002","muscle cell proliferation","10/273","243/17913",0.00422763887521735,0.0463241281007859,0.0362774834853077,"231/1499/1906/1839/3248/3398/3486/3725/5743/7057",10
"GO:0014033","BP","GO:0014033","neural crest cell differentiation","5/273","70/17913",0.00428218926921878,0.0467796736834355,0.036634231642886,"1906/3280/3084/58495/6949",5
"GO:0033673","BP","GO:0033673","negative regulation of kinase activity","10/273","244/17913",0.00435074324598989,0.0468210500092596,0.0366666343893231,"836/1029/1843/1849/54206/1647/4616/3315/113791/6317",10
"GO:0008299","BP","GO:0008299","isoprenoid biosynthetic process","3/273","22/17913",0.00435091588158168,0.0468210500092596,0.0366666343893231,"8644/1382/10170",3
"GO:0031639","BP","GO:0031639","plasminogen activation","3/273","22/17913",0.00435091588158168,0.0468210500092596,0.0366666343893231,"5327/5328/7057",3
"GO:0035809","BP","GO:0035809","regulation of urine volume","3/273","22/17913",0.00435091588158168,0.0468210500092596,0.0366666343893231,"231/1906/3037",3
"GO:0043496","BP","GO:0043496","regulation of protein homodimerization activity","3/273","22/17913",0.00435091588158168,0.0468210500092596,0.0366666343893231,"3309/3397/3084",3
"GO:0198738","BP","GO:0198738","cell-cell signaling by wnt","16/273","500/17913",0.00437243627002168,0.046912597480441,0.0367383273063852,"1499/1649/22943/1958/2931/3487/3489/23189/2011/4929/27303/57674/6659/7090/7091/9559",16
"GO:0030850","BP","GO:0030850","prostate gland development","4/273","44/17913",0.00443857435186855,0.0470975503254658,0.0368831681065477,"1499/3400/4824/3371",4
"GO:0032459","BP","GO:0032459","regulation of protein oligomerization","4/273","44/17913",0.00443857435186855,0.0470975503254658,0.0368831681065477,"1191/1410/4312/5366",4
"GO:0061014","BP","GO:0061014","positive regulation of mRNA catabolic process","4/273","44/17913",0.00443857435186855,0.0470975503254658,0.0368831681065477,"7832/7538/677/678",4
"GO:0030324","BP","GO:0030324","lung development","8/273","169/17913",0.00445283738437922,0.0470975503254658,0.0368831681065477,"10551/171023/1499/1978/54206/3280/3397/3371",8
"GO:0030260","BP","GO:0030260","entry into host cell","7/273","134/17913",0.00449419065519008,0.0470975503254658,0.0368831681065477,"9076/1499/3576/3303/3304/6317/51193",7
"GO:0044409","BP","GO:0044409","entry into host","7/273","134/17913",0.00449419065519008,0.0470975503254658,0.0368831681065477,"9076/1499/3576/3303/3304/6317/51193",7
"GO:0051806","BP","GO:0051806","entry into cell of other organism involved in symbiotic interaction","7/273","134/17913",0.00449419065519008,0.0470975503254658,0.0368831681065477,"9076/1499/3576/3303/3304/6317/51193",7
"GO:0051828","BP","GO:0051828","entry into other organism involved in symbiotic interaction","7/273","134/17913",0.00449419065519008,0.0470975503254658,0.0368831681065477,"9076/1499/3576/3303/3304/6317/51193",7
"GO:0044183","MF","GO:0044183","protein binding involved in protein folding","3/272","14/16969",0.00130071402989784,0.0481264191062202,0.0405046912819065,"3303/3304/3315",3
"GO:0006690","BP","GO:0006690","icosanoid metabolic process","6/273","102/17913",0.00471543796546019,0.0492729097550261,0.0385867417951617,"1646/8644/1545/1906/3248/5743",6
"GO:0043433","BP","GO:0043433","negative regulation of DNA-binding transcription factor activity","8/273","171/17913",0.00477707498556034,0.0497727032455058,0.0389781415006779,"8553/1029/1545/1649/3397/3398/3399/26471",8
"GO:0014014","BP","GO:0014014","negative regulation of gliogenesis","4/273","45/17913",0.00481421213823372,0.0498433140848943,0.039033438462862,"1499/3280/3398/3400",4
"GO:0060412","BP","GO:0060412","ventricular septum morphogenesis","4/273","45/17913",0.00481421213823372,0.0498433140848943,0.039033438462862,"10370/3280/3398/6659",4
"GO:0044843","BP","GO:0044843","cell cycle G1/S phase transition","11/273","288/17913",0.00482533054525052,0.0498433140848943,0.039033438462862,"7832/902/1029/1978/1647/3398/3400/4609/10769/6659/7465",11
"GO:0009267","BP","GO:0009267","cellular response to starvation","7/273","136/17913",0.00487131775580627,0.0499627992856929,0.0391270100545232,"8644/467/2752/3309/3725/5366/79567",7
"GO:0045787","BP","GO:0045787","positive regulation of cell cycle","13/273","373/17913",0.00491895840640678,0.0499627992856929,0.0391270100545232,"7832/10370/1906/1978/8061/1647/3280/3398/3643/4824/10769/5514/6659",13
"GO:0007034","BP","GO:0007034","vacuolar transport","6/273","103/17913",0.0049447036671665,0.0499627992856929,0.0391270100545232,"203228/1191/3303/63971/64145/388",6
"GO:0009648","BP","GO:0009648","photoperiodism","3/273","23/17913",0.00494777235644726,0.0499627992856929,0.0391270100545232,"8553/3398/5500",3
"GO:0016338","BP","GO:0016338","calcium-independent cell-cell adhesion via plasma membrane cell-adhesion molecules","3/273","23/17913",0.00494777235644726,0.0499627992856929,0.0391270100545232,"9076/1365/1364",3
"GO:0061436","BP","GO:0061436","establishment of skin barrier","3/273","23/17913",0.00494777235644726,0.0499627992856929,0.0391270100545232,"9076/1364/3925",3
"GO:0072215","BP","GO:0072215","regulation of metanephros development","3/273","23/17913",0.00494777235644726,0.0499627992856929,0.0391270100545232,"1499/1958/4609",3
"GO:1902003","BP","GO:1902003","regulation of amyloid-beta formation","3/273","23/17913",0.00494777235644726,0.0499627992856929,0.0391270100545232,"836/1191/2931",3
