,ONTOLOGY,ID,Description,GeneRatio,BgRatio,pvalue,p.adjust,qvalue,geneID,Count
GO:0008544,BP,GO:0008544,epidermis development,26/164,452/17913,6.60E-14,2.07E-10,1.65E-10,360/1382/1474/1475/1499/22943/1999/54206/2171/55612/10468/51083/3624/3861/3872/25984/3852/3854/3918/5266/5744/6278/5275/6699/6703/7051,26
GO:0052547,BP,GO:0052547,regulation of peptidase activity,22/164,398/17913,1.44E-11,2.26E-08,1.80E-08,330/1474/1475/1476/1942/2152/2335/4318/4824/5266/5329/5366/5743/1992/5275/6317/6318/83595/7980/7057/7076/10406,22
GO:0052548,BP,GO:0052548,regulation of endopeptidase activity,20/164,370/17913,1.94E-10,2.03E-07,1.62E-07,330/1474/1475/1476/1942/2152/4318/4824/5266/5329/5366/5743/1992/5275/6317/83595/7980/7057/7076/10406,20
GO:0045861,BP,GO:0045861,negative regulation of proteolysis,18/164,324/17913,1.08E-09,7.95E-07,6.34E-07,55450/1474/1475/1476/1942/4318/5266/5327/5329/5743/1992/5275/6317/6318/7980/7057/7076/10406,18
GO:0043588,BP,GO:0043588,skin development,20/164,412/17913,1.27E-09,7.95E-07,6.34E-07,360/1475/1499/22943/54206/55612/10468/51083/3624/3861/3872/25984/3852/3854/5266/6278/5275/6699/6703/7051,20
GO:0010466,BP,GO:0010466,negative regulation of peptidase activity,15/164,223/17913,2.14E-09,1.12E-06,8.92E-07,1474/1475/1476/4318/5266/5329/5743/1992/5275/6317/6318/7980/7057/7076/10406,15
GO:0051384,BP,GO:0051384,response to glucocorticoid,12/164,139/17913,5.65E-09,2.53E-06,2.02E-06,218/374/1843/1906/54206/114907/2706/3485/5743/7356/6781/678,12
GO:0010951,BP,GO:0010951,negative regulation of endopeptidase activity,14/164,210/17913,8.45E-09,3.31E-06,2.64E-06,1474/1475/1476/4318/5266/5329/5743/1992/5275/6317/7980/7057/7076/10406,14
GO:0031960,BP,GO:0031960,response to corticosteroid,12/164,155/17913,1.94E-08,6.49E-06,5.18E-06,218/374/1843/1906/54206/114907/2706/3485/5743/7356/6781/678,12
GO:0018149,BP,GO:0018149,peptide cross-linking,7/164,34/17913,2.07E-08,6.49E-06,5.18E-06,1475/2335/5266/6699/7051/7052/7057,7
GO:0001667,BP,GO:0001667,ameboidal-type cell migration,19/164,446/17913,2.79E-08,7.94E-06,6.34E-06,9590/1545/1906/1942/55612/2247/9982/2335/2752/1839/3315/4318/7026/5743/6286/6385/6781/7057/7076,19
GO:0048545,BP,GO:0048545,response to steroid hormone,17/164,375/17913,6.46E-08,1.68E-05,1.34E-05,218/374/1499/1843/1906/54206/114907/2706/3485/4824/7026/164091/5743/7356/6781/7057/678,17
GO:0070268,BP,GO:0070268,cornification,10/164,112/17913,7.97E-08,1.92E-05,1.53E-05,1475/3861/3872/25984/3852/3854/5266/6699/6703/7051,10
GO:0044706,BP,GO:0044706,multi-multicellular organism process,13/164,225/17913,1.58E-07,3.53E-05,2.81E-05,23780/2683/1906/2706/3485/4318/7026/5743/5744/5997/7356/6781/7076,13
GO:0005125,MF,GO:0005125,cytokine activity,11/159,154/16969,2.19E-07,4.47E-05,3.64E-05,374/6372/3576/1906/2247/282618/27189/9235/56300/3624/7076,11
GO:0061134,MF,GO:0061134,peptidase regulator activity,12/159,192/16969,2.61E-07,4.47E-05,3.64E-05,1474/1475/1476/2335/4824/5266/1992/5275/6317/6318/7076/10406,12
GO:0030545,MF,GO:0030545,receptor regulator activity,17/159,425/16969,5.17E-07,4.71E-05,3.83E-05,374/6372/3576/22943/1906/2247/10468/51083/9518/1839/282618/27189/9235/56300/3624/6781/7076,17
GO:0004857,MF,GO:0004857,enzyme inhibitor activity,15/159,332/16969,5.49E-07,4.71E-05,3.83E-05,51129/55450/1029/1474/1475/1476/3315/5266/7356/1992/5275/6317/6318/7076/10406,15
GO:0051346,BP,GO:0051346,negative regulation of hydrolase activity,17/164,420/17913,3.24E-07,6.76E-05,5.40E-05,51129/1474/1475/1476/4318/5266/5329/5743/5997/1992/5275/6317/6318/7980/7057/7076/10406,17
GO:0048018,MF,GO:0048018,receptor ligand activity,16/159,397/16969,1.03E-06,7.08E-05,5.76E-05,374/6372/3576/22943/1906/2247/51083/9518/1839/282618/27189/9235/56300/3624/6781/7076,16
GO:0050673,BP,GO:0050673,epithelial cell proliferation,17/164,425/17913,3.82E-07,7.48E-05,5.97E-05,374/2683/1499/54206/2152/55612/2247/9982/2752/3486/4824/7026/26471/1992/5268/7051/7057,17
GO:0004866,MF,GO:0004866,endopeptidase inhibitor activity,10/159,149/16969,1.40E-06,8.03E-05,6.53E-05,1474/1475/1476/5266/1992/5275/6317/6318/7076/10406,10
GO:0061135,MF,GO:0061135,endopeptidase regulator activity,10/159,154/16969,1.90E-06,9.30E-05,7.56E-05,1474/1475/1476/5266/1992/5275/6317/6318/7076/10406,10
GO:0030414,MF,GO:0030414,peptidase inhibitor activity,10/159,157/16969,2.26E-06,9.69E-05,7.88E-05,1474/1475/1476/5266/1992/5275/6317/6318/7076/10406,10
GO:0048660,BP,GO:0048660,regulation of smooth muscle cell proliferation,11/164,172/17913,5.36E-07,9.87E-05,7.88E-05,9510/1499/1906/2247/1839/3486/4318/5743/7052/7057/7168,11
GO:0048659,BP,GO:0048659,smooth muscle cell proliferation,11/164,174/17913,6.01E-07,0.000100643,8.03E-05,9510/1499/1906/2247/1839/3486/4318/5743/7052/7057/7168,11
GO:0030216,BP,GO:0030216,keratinocyte differentiation,14/164,298/17913,6.48E-07,0.000100643,8.03E-05,360/1475/54206/3861/3872/25984/3852/3854/5266/6278/5275/6699/6703/7051,14
GO:0009913,BP,GO:0009913,epidermal cell differentiation,15/164,346/17913,7.04E-07,0.000100643,8.03E-05,360/1475/1499/54206/3861/3872/25984/3852/3854/5266/6278/5275/6699/6703/7051,15
GO:0042303,BP,GO:0042303,molting cycle,9/164,109/17913,7.07E-07,0.000100643,8.03E-05,1499/22943/55612/10468/51083/3624/3861/3872/5743,9
GO:0042633,BP,GO:0042633,hair cycle,9/164,109/17913,7.07E-07,0.000100643,8.03E-05,1499/22943/55612/10468/51083/3624/3861/3872/5743,9
GO:0045682,BP,GO:0045682,regulation of epidermis development,8/164,81/17913,7.59E-07,0.000102961,8.22E-05,360/1499/54206/55612/10468/51083/3872/5275,8
GO:0061041,BP,GO:0061041,regulation of wound healing,10/164,143/17913,7.89E-07,0.000102961,8.22E-05,50506/1906/2152/2247/1839/5327/5328/5329/5055/7057,10
GO:0051797,BP,GO:0051797,regulation of hair follicle development,5/164,20/17913,8.39E-07,0.000105138,8.39E-05,1499/55612/10468/51083/3872,5
GO:0005539,MF,GO:0005539,glycosaminoglycan binding,11/159,199/16969,2.79E-06,0.000106312,8.65E-05,9510/6372/2247/9982/2335/1839/3918/143903/6288/7057/7130,11
GO:0001666,BP,GO:0001666,response to hypoxia,15/164,354/17913,9.37E-07,0.000108699,8.68E-05,218/51129/360/481/100133941/1906/1958/10397/4824/5327/5328/5366/5743/6781/7057,15
GO:0010631,BP,GO:0010631,epithelial cell migration,15/164,354/17913,9.37E-07,0.000108699,8.68E-05,1545/1906/1942/55612/2247/9982/2752/1839/3315/4318/7026/5743/6286/6781/7057,15
GO:0090132,BP,GO:0090132,epithelium migration,15/164,357/17913,1.04E-06,0.000116481,9.30E-05,1545/1906/1942/55612/2247/9982/2752/1839/3315/4318/7026/5743/6286/6781/7057,15
GO:0030728,BP,GO:0030728,ovulation,5/164,21/17913,1.09E-06,0.000118082,9.42E-05,9510/3624/5743/5997/7130,5
GO:0090130,BP,GO:0090130,tissue migration,15/164,363/17913,1.28E-06,0.000133264,0.000106362,1545/1906/1942/55612/2247/9982/2752/1839/3315/4318/7026/5743/6286/6781/7057,15
GO:0016102,BP,GO:0016102,diterpenoid biosynthetic process,4/164,10/17913,1.36E-06,0.000133264,0.000106362,220/1382/10170/5947,4
GO:0036293,BP,GO:0036293,response to decreased oxygen levels,15/164,365/17913,1.37E-06,0.000133264,0.000106362,218/51129/360/481/100133941/1906/1958/10397/4824/5327/5328/5366/5743/6781/7057,15
GO:0050900,BP,GO:0050900,leukocyte migration,17/164,467/17913,1.40E-06,0.000133264,0.000106362,481/2683/4680/6372/3576/1843/1906/2335/4312/4318/4973/6278/6288/6385/23657/8140/7057,17
GO:1904018,BP,GO:1904018,positive regulation of vasculature development,12/164,232/17913,1.55E-06,0.000142857,0.000114018,51129/694/3576/1545/1958/2152/2247/9982/3315/5743/8710/7057,12
GO:0007565,BP,GO:0007565,female pregnancy,11/164,193/17913,1.67E-06,0.000149693,0.000119475,23780/2706/3485/4318/7026/5743/5744/5997/7356/6781/7076,11
GO:0031012,CC,GO:0031012,extracellular matrix,17/162,468/18678,6.91E-07,0.000156794,0.000125784,9510/401138/1476/2152/2335/9518/3918/4312/4318/5266/6275/6278/1992/7980/7052/7057/7076,17
GO:1901342,BP,GO:1901342,regulation of vasculature development,16/164,425/17913,1.89E-06,0.000164511,0.000131302,51129/694/1499/3576/1545/1942/1958/2152/2247/9982/2752/3135/3315/5743/8710/7057,16
GO:0042730,BP,GO:0042730,fibrinolysis,5/164,25/17913,2.77E-06,0.000234591,0.000187235,5327/5328/5329/5055/7057,5
GO:0001533,CC,GO:0001533,cornified envelope,6/162,44/18678,2.09E-06,0.000236673,0.000189866,1474/1475/5266/6699/6703/7051,6
GO:0070482,BP,GO:0070482,response to oxygen levels,15/164,389/17913,3.01E-06,0.000247822,0.000197795,218/51129/360/481/100133941/1906/1958/10397/4824/5327/5328/5366/5743/6781/7057,15
GO:0042119,BP,GO:0042119,neutrophil activation,17/164,499/17913,3.43E-06,0.000275671,0.000220021,2683/4680/1476/6372/3576/2171/2495/2512/4318/4973/5328/5329/6278/6286/1992/6317/7130,17
GO:0048661,BP,GO:0048661,positive regulation of smooth muscle cell proliferation,8/164,101/17913,4.08E-06,0.000319664,0.000255134,9510/1906/2247/1839/4318/5743/7052/7057,8
GO:0004869,MF,GO:0004869,cysteine-type endopeptidase inhibitor activity,6/159,53/16969,9.82E-06,0.000334115,0.000271722,1474/1475/1476/5275/6317/10406,6
GO:0008201,MF,GO:0008201,heparin binding,9/159,148/16969,1.07E-05,0.000334115,0.000271722,9510/6372/2247/9982/2335/1839/3918/6288/7057,9
GO:1903034,BP,GO:1903034,regulation of response to wounding,10/164,173/17913,4.44E-06,0.000338514,0.000270178,50506/1906/2152/2247/1839/5327/5328/5329/5055/7057,10
GO:0016114,BP,GO:0016114,terpenoid biosynthetic process,4/164,13/17913,4.54E-06,0.000338514,0.000270178,220/1382/10170/5947,4
GO:0061045,BP,GO:0061045,negative regulation of wound healing,7/164,73/17913,4.65E-06,0.000338561,0.000270216,1906/2247/5327/5328/5329/5055/7057,7
GO:0042445,BP,GO:0042445,hormone metabolic process,11/164,215/17913,4.76E-06,0.000338561,0.000270216,1645/1646/220/1382/1545/10170/50506/405753/1958/51083/5947,11
GO:0042634,BP,GO:0042634,regulation of hair cycle,5/164,28/17913,5.02E-06,0.000347096,0.000277028,1499/55612/10468/51083/3872,5
GO:0030193,BP,GO:0030193,regulation of blood coagulation,7/164,74/17913,5.10E-06,0.000347096,0.000277028,1906/2152/5327/5328/5329/5055/7057,7
GO:0030195,BP,GO:0030195,negative regulation of blood coagulation,6/164,49/17913,5.43E-06,0.000361429,0.000288467,1906/5327/5328/5329/5055/7057,6
GO:1900046,BP,GO:1900046,regulation of hemostasis,7/164,75/17913,5.58E-06,0.000364075,0.00029058,1906/2152/5327/5328/5329/5055/7057,7
GO:0001706,BP,GO:0001706,endoderm formation,6/164,50/17913,6.12E-06,0.000383166,0.000305817,1499/22943/2335/3624/4318/83595,6
GO:1900047,BP,GO:1900047,negative regulation of hemostasis,6/164,50/17913,6.12E-06,0.000383166,0.000305817,1906/5327/5328/5329/5055/7057,6
GO:0050678,BP,GO:0050678,regulation of epithelial cell proliferation,14/164,369/17913,7.83E-06,0.000476006,0.000379915,374/2683/1499/54206/2152/2247/9982/2752/4824/7026/26471/5268/7051/7057,14
GO:0050818,BP,GO:0050818,regulation of coagulation,7/164,79/17913,7.91E-06,0.000476006,0.000379915,1906/2152/5327/5328/5329/5055/7057,7
GO:0050819,BP,GO:0050819,negative regulation of coagulation,6/164,53/17913,8.64E-06,0.000501916,0.000400595,1906/5327/5328/5329/5055/7057,6
GO:0071900,BP,GO:0071900,regulation of protein serine/threonine kinase activity,16/164,479/17913,8.66E-06,0.000501916,0.000400595,100133941/1029/1164/22943/1843/1846/1906/2247/9518/3315/7026/5997/6288/6317/7057/7345,16
GO:0043542,BP,GO:0043542,endothelial cell migration,12/164,275/17913,8.91E-06,0.00050725,0.000404852,1545/1906/1942/2247/9982/2752/3315/7026/5743/6286/6781/7057,12
GO:0033293,MF,GO:0033293,monocarboxylic acid binding,6/159,59/16969,1.84E-05,0.000526202,0.000427938,1645/1646/1382/2171/3399/7026,6
GO:0071385,BP,GO:0071385,cellular response to glucocorticoid stimulus,6/164,54/17913,9.65E-06,0.000539491,0.000430585,1906/54206/114907/2706/6781/678,6
GO:0042448,BP,GO:0042448,progesterone metabolic process,4/164,16/17913,1.13E-05,0.000621434,0.000495985,1645/1646/10170/1958,4
GO:0045765,BP,GO:0045765,regulation of angiogenesis,14/164,383/17913,1.19E-05,0.000643836,0.000513865,51129/694/1499/3576/1545/1942/2152/2247/9982/2752/3135/3315/5743/7057,14
GO:0034754,BP,GO:0034754,cellular hormone metabolic process,8/164,117/17913,1.22E-05,0.000646187,0.000515741,1645/1646/220/1382/1545/10170/1958/5947,8
GO:0001942,BP,GO:0001942,hair follicle development,7/164,85/17913,1.29E-05,0.000670915,0.000535478,1499/22943/55612/10468/51083/3624/3872,7
GO:0006979,BP,GO:0006979,response to oxidative stress,15/164,442/17913,1.39E-05,0.000697013,0.000556308,374/1499/1545/50506/1843/1906/2706/3315/4318/4688/5743/6278/7356/23657/7168,15
GO:0002446,BP,GO:0002446,neutrophil mediated immunity,16/164,499/17913,1.44E-05,0.000697013,0.000556308,2683/4680/1476/6372/2171/2495/2512/4318/4973/5328/5329/6278/6286/1992/6317/7130,16
GO:0071384,BP,GO:0071384,cellular response to corticosteroid stimulus,6/164,58/17913,1.47E-05,0.000697013,0.000556308,1906/54206/114907/2706/6781/678,6
GO:0022404,BP,GO:0022404,molting cycle process,7/164,87/17913,1.50E-05,0.000697013,0.000556308,1499/22943/55612/10468/51083/3624/3872,7
GO:0022405,BP,GO:0022405,hair cycle process,7/164,87/17913,1.50E-05,0.000697013,0.000556308,1499/22943/55612/10468/51083/3624/3872,7
GO:0098773,BP,GO:0098773,skin epidermis development,7/164,87/17913,1.50E-05,0.000697013,0.000556308,1499/22943/55612/10468/51083/3624/3872,7
GO:1903035,BP,GO:1903035,negative regulation of response to wounding,7/164,87/17913,1.50E-05,0.000697013,0.000556308,1906/2247/5327/5328/5329/5055/7057,7
GO:0033002,BP,GO:0033002,muscle cell proliferation,11/164,243/17913,1.51E-05,0.000697013,0.000556308,9510/1499/1906/2247/1839/3486/4318/5743/7052/7057/7168,11
GO:0062023,CC,GO:0062023,collagen-containing extracellular matrix,14/162,399/18678,1.03E-05,0.000780871,0.000626435,9510/401138/1476/2152/2335/9518/3918/4318/6275/6278/1992/7052/7057/7076,14
GO:0010632,BP,GO:0010632,regulation of epithelial cell migration,12/164,294/17913,1.74E-05,0.000788802,0.000629567,1906/1942/2247/9982/2752/1839/3315/4318/7026/5743/6781/7057,12
GO:0045766,BP,GO:0045766,positive regulation of angiogenesis,10/164,203/17913,1.81E-05,0.000808243,0.000645083,51129/694/3576/1545/2152/2247/9982/3315/5743/7057,10
GO:0042326,BP,GO:0042326,negative regulation of phosphorylation,15/164,455/17913,1.95E-05,0.000861167,0.000687324,55450/1029/22943/1843/1846/1942/54206/3315/3486/3624/7026/26471/5997/6317/7345,15
GO:0001523,BP,GO:0001523,retinoid metabolic process,7/164,91/17913,2.01E-05,0.000875689,0.000698914,1645/220/1382/1545/10170/5947/6385,7
GO:0031406,MF,GO:0031406,carboxylic acid binding,9/159,176/16969,4.25E-05,0.001060591,0.000862534,1645/1646/1382/2171/2752/3399/143903/7026/7130,9
GO:1901681,MF,GO:1901681,sulfur compound binding,10/159,221/16969,4.51E-05,0.001060591,0.000862534,9510/6372/2247/9982/2335/10468/1839/3918/6288/7057,10
GO:0043177,MF,GO:0043177,organic acid binding,9/159,178/16969,4.64E-05,0.001060591,0.000862534,1645/1646/1382/2171/2752/3399/143903/7026/7130,9
GO:0060135,BP,GO:0060135,maternal process involved in female pregnancy,6/164,64/17913,2.60E-05,0.001114086,0.000889186,23780/2706/7026/5743/5997/6781,6
GO:0097327,BP,GO:0097327,response to antineoplastic agent,7/164,96/17913,2.85E-05,0.001207616,0.000963836,10974/1499/1906/1958/54206/114907/2706,7
GO:0016101,BP,GO:0016101,diterpenoid metabolic process,7/164,97/17913,3.05E-05,0.001274408,0.001017144,1645/220/1382/1545/10170/5947/6385,7
GO:0004867,MF,GO:0004867,serine-type endopeptidase inhibitor activity,6/159,73/16969,6.24E-05,0.00133854,0.001088578,5266/1992/5275/6317/6318/10406,6
GO:0042573,BP,GO:0042573,retinoic acid metabolic process,4/164,21/17913,3.59E-05,0.001475508,0.001177649,220/1382/10170/5947,4
GO:0071901,BP,GO:0071901,negative regulation of protein serine/threonine kinase activity,8/164,136/17913,3.63E-05,0.001475508,0.001177649,1029/1843/1846/3315/7026/5997/6317/7345,8
GO:0006469,BP,GO:0006469,negative regulation of protein kinase activity,10/164,222/17913,3.89E-05,0.001546419,0.001234245,55450/1029/1843/1846/54206/3315/7026/5997/6317/7345,10
GO:2001235,BP,GO:2001235,positive regulation of apoptotic signaling pathway,9/164,178/17913,3.90E-05,0.001546419,0.001234245,27113/50486/3624/4318/4824/26471/5329/5366/7057,9
GO:0043312,BP,GO:0043312,neutrophil degranulation,15/164,485/17913,4.08E-05,0.001595258,0.001273225,2683/4680/1476/2171/2495/2512/4318/4973/5328/5329/6278/6286/1992/6317/7130,15
GO:0031424,BP,GO:0031424,keratinization,10/164,224/17913,4.19E-05,0.001610615,0.001285481,1475/3861/3872/25984/3852/3854/5266/6699/6703/7051,10
GO:0043405,BP,GO:0043405,regulation of MAP kinase activity,12/164,322/17913,4.24E-05,0.001610615,0.001285481,100133941/22943/1843/1846/1906/2247/9518/5997/6288/6317/7057/7345,12
GO:0008299,BP,GO:0008299,isoprenoid biosynthetic process,4/164,22/17913,4.36E-05,0.001610615,0.001285481,220/1382/10170/5947,4
GO:0044342,BP,GO:0044342,type B pancreatic cell proliferation,4/164,22/17913,4.36E-05,0.001610615,0.001285481,54206/3486/26471/1992,4
GO:0002283,BP,GO:0002283,neutrophil activation involved in immune response,15/164,488/17913,4.37E-05,0.001610615,0.001285481,2683/4680/1476/2171/2495/2512/4318/4973/5328/5329/6278/6286/1992/6317/7130,15
GO:0001655,BP,GO:0001655,urogenital system development,12/164,324/17913,4.50E-05,0.001638941,0.001308089,9510/100133941/1499/1958/2247/3399/4318/4824/6385/5268/8710/6659,12
GO:0001822,BP,GO:0001822,kidney development,11/164,276/17913,4.88E-05,0.001755057,0.001400765,9510/100133941/1499/1958/2247/3399/4318/4824/6385/8710/6659,11
GO:0001101,BP,GO:0001101,response to acid chemical,12/164,330/17913,5.37E-05,0.00186212,0.001486215,1645/1646/360/22943/1843/1906/1958/2706/3399/3485/5743/7356,12
GO:0006721,BP,GO:0006721,terpenoid metabolic process,7/164,106/17913,5.41E-05,0.00186212,0.001486215,1645/220/1382/1545/10170/5947/6385,7
GO:0010594,BP,GO:0010594,regulation of endothelial cell migration,10/164,231/17913,5.43E-05,0.00186212,0.001486215,1906/1942/2247/9982/2752/3315/7026/5743/6781/7057,10
GO:0035987,BP,GO:0035987,endodermal cell differentiation,5/164,45/17913,5.50E-05,0.00186212,0.001486215,1499/22943/2335/3624/4318,5
GO:0007492,BP,GO:0007492,endoderm development,6/164,73/17913,5.51E-05,0.00186212,0.001486215,1499/22943/2335/3624/4318/83595,6
GO:0007596,BP,GO:0007596,blood coagulation,12/164,331/17913,5.53E-05,0.00186212,0.001486215,1906/2152/3315/10398/5327/5328/5329/6288/5055/23657/7980/7057,12
GO:0043062,BP,GO:0043062,extracellular structure organization,13/164,387/17913,5.90E-05,0.001963682,0.001567275,2683/1545/1999/55612/2247/2335/3918/4312/4318/6385/5268/7057/7076,13
GO:0030198,BP,GO:0030198,extracellular matrix organization,12/164,334/17913,6.03E-05,0.001987697,0.001586442,2683/1545/1999/55612/2247/2335/3918/4312/4318/5268/7057/7076,12
GO:0010038,BP,GO:0010038,response to metal ion,12/164,335/17913,6.21E-05,0.002024107,0.001615502,360/1843/1906/3485/3861/4318/4493/4501/4502/10397/5743/7057,12
GO:0007599,BP,GO:0007599,hemostasis,12/164,336/17913,6.39E-05,0.00206118,0.001645091,1906/2152/3315/10398/5327/5328/5329/6288/5055/23657/7980/7057,12
GO:0050817,BP,GO:0050817,coagulation,12/164,337/17913,6.57E-05,0.002098924,0.001675216,1906/2152/3315/10398/5327/5328/5329/6288/5055/23657/7980/7057,12
GO:0006953,BP,GO:0006953,acute-phase response,5/164,47/17913,6.80E-05,0.002151604,0.001717262,23780/2335/5743/6288/6289,5
GO:0072001,BP,GO:0072001,renal system development,11/164,291/17913,7.84E-05,0.00245567,0.001959946,9510/100133941/1499/1958/2247/3399/4318/4824/6385/8710/6659,11
GO:0050786,MF,GO:0050786,RAGE receptor binding,3/159,11/16969,0.000126049,0.002543218,0.002068292,6275/6278/6286,3
GO:0071383,BP,GO:0071383,cellular response to steroid hormone stimulus,10/164,243/17913,8.29E-05,0.002570834,0.002051862,1499/1906/54206/114907/2706/4824/7026/164091/6781/678,10
GO:0033673,BP,GO:0033673,negative regulation of kinase activity,10/164,244/17913,8.58E-05,0.002633784,0.002102104,55450/1029/1843/1846/54206/3315/7026/5997/6317/7345,10
GO:0007517,BP,GO:0007517,muscle organ development,13/164,403/17913,8.87E-05,0.002697479,0.002152941,51676/1499/22943/1906/1958/2247/1839/3399/7026/26471/5997/6876/7168,13
GO:0002020,MF,GO:0002020,protease binding,7/159,121/16969,0.000143524,0.002734928,0.002224201,1475/1476/2152/2335/5275/6317/6318,7
GO:0010810,BP,GO:0010810,regulation of cell-substrate adhesion,9/164,201/17913,9.98E-05,0.003003943,0.002397539,10551/1029/4680/55612/2335/4814/5328/6385/7057,9
GO:0001952,BP,GO:0001952,regulation of cell-matrix adhesion,7/164,117/17913,0.000101159,0.003016474,0.002407541,1029/4680/55612/4814/5328/6385/7057,7
GO:0007566,BP,GO:0007566,embryo implantation,5/164,52/17913,0.000111097,0.00328156,0.002619114,4318/5743/7356/6781/7076,5
GO:0060326,BP,GO:0060326,cell chemotaxis,10/164,253/17913,0.000115673,0.003352886,0.002676041,6372/3576/1843/1906/2247/1839/3315/6278/6288/7057,10
GO:0042533,BP,GO:0042533,tumor necrosis factor biosynthetic process,4/164,28/17913,0.000116823,0.003352886,0.002676041,9590/54206/3315/7057,4
GO:0042534,BP,GO:0042534,regulation of tumor necrosis factor biosynthetic process,4/164,28/17913,0.000116823,0.003352886,0.002676041,9590/54206/3315/7057,4
GO:0031581,BP,GO:0031581,hemidesmosome assembly,3/164,11/17913,0.000117795,0.003352886,0.002676041,3861/3852/3918,3
GO:0042058,BP,GO:0042058,regulation of epidermal growth factor receptor signaling pathway,6/164,84/17913,0.000121137,0.003374644,0.002693407,10551/374/54206/1839/4318/5329,6
GO:0071621,BP,GO:0071621,granulocyte chemotaxis,6/164,84/17913,0.000121137,0.003374644,0.002693407,6372/3576/1906/6278/6288/7057,6
GO:0001933,BP,GO:0001933,negative regulation of protein phosphorylation,13/164,416/17913,0.000121793,0.003374644,0.002693407,55450/1029/22943/1843/1846/1942/54206/3315/3486/7026/5997/6317/7345,13
GO:0006720,BP,GO:0006720,isoprenoid metabolic process,7/164,121/17913,0.000124918,0.003430856,0.002738272,1645/220/1382/1545/10170/5947/6385,7
GO:2001242,BP,GO:2001242,regulation of intrinsic apoptotic signaling pathway,8/164,163/17913,0.000129973,0.00353866,0.002824313,27113/3315/4318/4824/26471/5329/5366/5743,8
GO:0051798,BP,GO:0051798,positive regulation of hair follicle development,3/164,12/17913,0.000156005,0.004210794,0.003360764,10468/51083/3872,3
GO:0007160,BP,GO:0007160,cell-matrix adhesion,9/164,214/17913,0.000160345,0.004290929,0.003424722,1029/4680/1499/55612/2335/4814/5328/6385/7057,9
GO:0090183,BP,GO:0090183,regulation of kidney development,5/164,57/17913,0.000172516,0.004577521,0.00365346,100133941/1499/1958/4318/8710,5
GO:0032355,BP,GO:0032355,response to estradiol,7/164,128/17913,0.000177292,0.004664705,0.003723045,374/1499/1843/2706/3485/7026/5743,7
GO:0045177,CC,GO:0045177,apical part of cell,12/162,365/18678,8.42E-05,0.004775854,0.003831314,481/4680/1499/50506/405753/2335/3485/5327/51458/10568/8140/6781,12
GO:1901184,BP,GO:1901184,regulation of ERBB signaling pathway,6/164,91/17913,0.000188463,0.004917323,0.003924667,10551/374/54206/1839/4318/5329,6
GO:0031589,BP,GO:0031589,cell-substrate adhesion,11/164,322/17913,0.000190878,0.004918722,0.003925784,10551/1029/4680/1499/1942/55612/2335/4814/5328/6385/7057,11
GO:0046683,BP,GO:0046683,response to organophosphorus,7/164,130/17913,0.000195136,0.004918722,0.003925784,1645/218/374/50506/1843/5743/6781,7
GO:0050921,BP,GO:0050921,positive regulation of chemotaxis,7/164,130/17913,0.000195136,0.004918722,0.003925784,3576/1906/2152/2247/3315/6278/7057,7
GO:0010634,BP,GO:0010634,positive regulation of epithelial cell migration,8/164,173/17913,0.00019576,0.004918722,0.003925784,1906/2247/9982/1839/3315/4318/5743/7057,8
GO:0009410,BP,GO:0009410,response to xenobiotic stimulus,10/164,270/17913,0.000196372,0.004918722,0.003925784,1645/218/1545/1906/1958/54206/114907/2706/5997/7356,10
GO:0042574,BP,GO:0042574,retinal metabolic process,3/164,13/17913,0.000201444,0.004966318,0.003963771,1645/220/1545,3
GO:0042635,BP,GO:0042635,positive regulation of hair cycle,3/164,13/17913,0.000201444,0.004966318,0.003963771,10468/51083/3872,3
GO:0050878,BP,GO:0050878,regulation of body fluid levels,14/164,499/17913,0.00020547,0.005025996,0.004011402,10551/360/1906/2152/3315/10398/5327/5328/5329/6288/5055/23657/7980/7057,14
GO:0051348,BP,GO:0051348,negative regulation of transferase activity,10/164,272/17913,0.000208404,0.00505823,0.004037129,55450/1029/1843/1846/54206/3315/7026/5997/6317/7345,10
GO:2000116,BP,GO:2000116,regulation of cysteine-type endopeptidase activity,9/164,222/17913,0.000210993,0.00508169,0.004055853,330/2152/4318/4824/5329/5366/5743/83595/7057,9
GO:0007292,BP,GO:0007292,female gamete generation,7/164,132/17913,0.000214403,0.005124401,0.004089942,9510/1499/3624/164091/5743/5997/7130,7
GO:0005501,MF,GO:0005501,retinoid binding,4/159,35/16969,0.000309908,0.005396308,0.004388589,1382/2171/7026/5947,4
GO:0008106,MF,GO:0008106,alcohol dehydrogenase (NADP+) activity,3/159,15/16969,0.000338137,0.005396308,0.004388589,1645/1646/218,3
GO:0008307,MF,GO:0008307,structural constituent of muscle,4/159,36/16969,0.000346119,0.005396308,0.004388589,10398/91624/7168/7169,4
GO:0019840,MF,GO:0019840,isoprenoid binding,4/159,36/16969,0.000346119,0.005396308,0.004388589,1382/2171/7026/5947,4
GO:0001819,BP,GO:0001819,positive regulation of cytokine production,13/164,446/17913,0.000240921,0.005678706,0.00453235,9590/330/1499/1545/1958/55612/3135/3315/282618/5743/6288/8710/7057,13
GO:0097193,BP,GO:0097193,intrinsic apoptotic signaling pathway,10/164,277/17913,0.000241223,0.005678706,0.00453235,27113/100133941/1545/3315/4318/4824/26471/5329/5366/5743,10
GO:0045785,BP,GO:0045785,positive regulation of cell adhesion,12/164,388/17913,0.000245186,0.005684546,0.004537011,10551/100133941/4680/55612/2335/3135/3485/4814/6288/6385/7052/7168,12
GO:2000241,BP,GO:2000241,regulation of reproductive process,7/164,135/17913,0.000246157,0.005684546,0.004537011,2683/1499/1843/3624/4824/26471/7076,7
GO:0043409,BP,GO:0043409,negative regulation of MAPK cascade,8/164,179/17913,0.000246917,0.005684546,0.004537011,55450/1843/1846/1942/54206/5997/6317/7345,8
GO:0007044,BP,GO:0007044,cell-substrate junction assembly,6/164,96/17913,0.000252451,0.005769526,0.004604836,2335/3861/3852/3918/6385/7057,6
GO:0001893,BP,GO:0001893,maternal placenta development,4/164,35/17913,0.000284217,0.006402044,0.005109668,2706/7026/5743/6781,4
GO:0010762,BP,GO:0010762,regulation of fibroblast migration,4/164,35/17913,0.000284217,0.006402044,0.005109668,9590/2247/6385/7057,4
GO:2001233,BP,GO:2001233,regulation of apoptotic signaling pathway,12/164,397/17913,0.000302025,0.006754567,0.005391028,27113/1499/50486/3315/3624/4318/4824/26471/5329/5366/5743/7057,12
GO:0097530,BP,GO:0097530,granulocyte migration,6/164,100/17913,0.000315015,0.006951205,0.005547971,6372/3576/1906/6278/6288/7057,6
GO:0042535,BP,GO:0042535,positive regulation of tumor necrosis factor biosynthetic process,3/164,15/17913,0.000316191,0.006951205,0.005547971,9590/3315/7057,3
GO:0071634,BP,GO:0071634,regulation of transforming growth factor beta production,4/164,36/17913,0.000317478,0.006951205,0.005547971,100133941/5743/8710/7057,4
GO:0050920,BP,GO:0050920,regulation of chemotaxis,8/164,186/17913,0.000319945,0.00695659,0.005552268,3576/1843/1906/2152/2247/3315/6278/7057,8
GO:0060205,CC,GO:0060205,cytoplasmic vesicle lumen,11/162,338/18678,0.000182342,0.007047339,0.005653557,1476/2171/2335/2512/6278/6286/6288/1992/6317/7057/7076,11
GO:0031983,CC,GO:0031983,vesicle lumen,11/162,339/18678,0.000187066,0.007047339,0.005653557,1476/2171/2335/2512/6278/6286/6288/1992/6317/7057/7076,11
GO:0005767,CC,GO:0005767,secondary lysosome,3/162,14/18678,0.000217319,0.007047339,0.005653557,2495/2512/4688,3
GO:0008207,BP,GO:0008207,C21-steroid hormone metabolic process,4/164,37/17913,0.000353437,0.0076318,0.006091174,1645/1646/10170/1958,4
GO:0044449,CC,GO:0044449,contractile fiber part,8/162,192/18678,0.000276291,0.007839757,0.006289256,1499/114907/3315/10398/91624/6385/7168/7169,8
GO:0050918,BP,GO:0050918,positive chemotaxis,5/164,67/17913,0.000369705,0.0079284,0.0063279,3576/2152/2247/6288/6289,5
GO:0071774,BP,GO:0071774,response to fibroblast growth factor,7/164,145/17913,0.000380363,0.008085813,0.006453536,1499/3576/2247/9982/7356/7057/678,7
GO:1901654,BP,GO:1901654,response to ketone,8/164,191/17913,0.00038221,0.008085813,0.006453536,1646/1843/1906/54206/114907/2706/4824/7057,8
GO:0048820,BP,GO:0048820,hair follicle maturation,3/164,16/17913,0.000386548,0.008122696,0.006482973,1499/55612/51083,3
GO:0033280,BP,GO:0033280,response to vitamin D,4/164,38/17913,0.000392219,0.008132697,0.006490955,360/1591/5743/6781,4
GO:0071604,BP,GO:0071604,transforming growth factor beta production,4/164,38/17913,0.000392219,0.008132697,0.006490955,100133941/5743/8710/7057,4
GO:0030016,CC,GO:0030016,myofibril,8/162,197/18678,0.000328494,0.00828535,0.006646722,1499/114907/3315/10398/91624/6385/7168/7169,8
GO:0045926,BP,GO:0045926,negative regulation of growth,9/164,244/17913,0.00042275,0.008708088,0.006950193,694/1029/51083/9518/3624/4493/4501/4502/5997,9
GO:0071548,BP,GO:0071548,response to dexamethasone,4/164,39/17913,0.000433948,0.008880336,0.007087669,1906/54206/114907/2706,4
GO:0043281,BP,GO:0043281,regulation of cysteine-type endopeptidase activity involved in apoptotic process,8/164,196/17913,0.000454007,0.009230498,0.007367144,2152/4318/4824/5329/5366/5743/83595/7057,8
GO:0033574,BP,GO:0033574,response to testosterone,4/164,40/17913,0.00047875,0.009670751,0.007718524,1843/1906/4824/7057,4
GO:0043407,BP,GO:0043407,negative regulation of MAP kinase activity,5/164,71/17913,0.00048399,0.009682735,0.007728089,1843/1846/5997/6317/7345,5
GO:0030856,BP,GO:0030856,regulation of epithelial cell differentiation,7/164,151/17913,0.000485528,0.009682735,0.007728089,360/694/100133941/1499/54206/4318/5275,7
GO:0050679,BP,GO:0050679,positive regulation of epithelial cell proliferation,8/164,199/17913,0.000502098,0.009949804,0.007941244,374/2683/1499/2152/2247/9982/2752/7051,8
GO:0035690,BP,GO:0035690,cellular response to drug,11/164,362/17913,0.00051599,0.010056448,0.00802636,10974/1499/1545/1906/1958/54206/114907/2706/4502/4824/5743,11
GO:0090257,BP,GO:0090257,regulation of muscle system process,9/164,251/17913,0.000518721,0.010056448,0.00802636,481/1906/54206/114907/10398/5743/5997/6781/7168,9
GO:0010811,BP,GO:0010811,positive regulation of cell-substrate adhesion,6/164,110/17913,0.000525118,0.010056448,0.00802636,10551/4680/55612/2335/4814/6385,6
GO:0042035,BP,GO:0042035,regulation of cytokine biosynthetic process,6/164,110/17913,0.000525118,0.010056448,0.00802636,9590/1958/54206/3315/3624/7057,6
GO:0006692,BP,GO:0006692,prostanoid metabolic process,4/164,41/17913,0.000526751,0.010056448,0.00802636,1646/1906/2171/5743,4
GO:0006693,BP,GO:0006693,prostaglandin metabolic process,4/164,41/17913,0.000526751,0.010056448,0.00802636,1646/1906/2171/5743,4
GO:0043292,CC,GO:0043292,contractile fiber,8/162,209/18678,0.000487173,0.01042786,0.008365499,1499/114907/3315/10398/91624/6385/7168/7169,8
GO:0034774,CC,GO:0034774,secretory granule lumen,10/162,321/18678,0.000505315,0.01042786,0.008365499,1476/2171/2335/2512/6278/6286/1992/6317/7057/7076,10
GO:0001972,MF,GO:0001972,retinoic acid binding,3/159,19/16969,0.000700571,0.010447648,0.008496629,1382/2171/7026,3
GO:0005200,MF,GO:0005200,structural constituent of cytoskeleton,5/159,77/16969,0.000778333,0.011123677,0.009046415,3861/3872/3852/3854/7168,5
GO:0010761,BP,GO:0010761,fibroblast migration,4/164,43/17913,0.000632858,0.012008962,0.009584722,9590/2247/6385/7057,4
GO:0021756,BP,GO:0021756,striatum development,3/164,19/17913,0.000655506,0.012144309,0.009692746,220/3624/23657,3
GO:0051546,BP,GO:0051546,keratinocyte migration,3/164,19/17913,0.000655506,0.012144309,0.009692746,55612/1839/4318,3
GO:0071294,BP,GO:0071294,cellular response to zinc ion,3/164,19/17913,0.000655506,0.012144309,0.009692746,4493/4501/4502,3
GO:2000696,BP,GO:2000696,regulation of epithelial cell differentiation involved in kidney development,3/164,19/17913,0.000655506,0.012144309,0.009692746,100133941/1499/4318,3
GO:0032103,BP,GO:0032103,positive regulation of response to external stimulus,10/164,315/17913,0.000662108,0.01216662,0.009710553,3576/1906/2152/2247/3315/26471/5743/6278/7052/7057,10
GO:0007173,BP,GO:0007173,epidermal growth factor receptor signaling pathway,6/164,115/17913,0.000664482,0.01216662,0.009710553,10551/374/54206/1839/4318/5329,6
GO:0005925,CC,GO:0005925,focal adhesion,11/162,397/18678,0.000708875,0.012407682,0.009953763,9590/1499/55612/3315/143903/91624/5328/5329/6278/6385/7052,11
GO:0005924,CC,GO:0005924,cell-substrate adherens junction,11/162,399/18678,0.000738688,0.012407682,0.009953763,9590/1499/55612/3315/143903/91624/5328/5329/6278/6385/7052,11
GO:0030055,CC,GO:0030055,cell-substrate junction,11/162,404/18678,0.000817815,0.012407682,0.009953763,9590/1499/55612/3315/143903/91624/5328/5329/6278/6385/7052,11
GO:0030017,CC,GO:0030017,sarcomere,7/162,174/18678,0.000819891,0.012407682,0.009953763,1499/114907/3315/10398/91624/7168/7169,7
GO:0010043,BP,GO:0010043,response to zinc ion,4/164,44/17913,0.00069122,0.012509876,0.009984517,3861/4493/4501/4502,4
GO:0071622,BP,GO:0071622,regulation of granulocyte chemotaxis,4/164,44/17913,0.00069122,0.012509876,0.009984517,3576/1906/6278/7057,4
GO:0007568,BP,GO:0007568,aging,10/164,318/17913,0.000712126,0.012792702,0.010210249,218/1029/22943/1906/2706/3135/3485/3861/5743/7076,10
GO:0071456,BP,GO:0071456,cellular response to hypoxia,8/164,210/17913,0.000715018,0.012792702,0.010210249,360/1906/1958/10397/4824/5366/5743/6781,8
GO:0001704,BP,GO:0001704,formation of primary germ layer,6/164,117/17913,0.000727625,0.012944286,0.010331232,1499/22943/2335/3624/4318/83595,6
GO:0034308,BP,GO:0034308,primary alcohol metabolic process,5/164,78/17913,0.000745488,0.013187136,0.010525058,1645/1646/220/1545/10170,5
GO:0033628,BP,GO:0033628,regulation of cell adhesion mediated by integrin,4/164,45/17913,0.000753291,0.013250297,0.01057547,1545/1942/55612/5328,4
GO:0035929,BP,GO:0035929,steroid hormone secretion,3/164,20/17913,0.000766018,0.013324461,0.010634662,51083/3624/4824,3
GO:0071636,BP,GO:0071636,positive regulation of transforming growth factor beta production,3/164,20/17913,0.000766018,0.013324461,0.010634662,5743/8710/7057,3
GO:0019838,MF,GO:0019838,growth factor binding,6/159,121/16969,0.000975347,0.013381755,0.010882815,1843/9982/3485/3486/3489/7057,6
GO:0006937,BP,GO:0006937,regulation of muscle contraction,7/164,164/17913,0.000793057,0.013643202,0.010889059,481/1906/10398/5743/5997/6781/7168,7
GO:0071466,BP,GO:0071466,cellular response to xenobiotic stimulus,7/164,164/17913,0.000793057,0.013643202,0.010889059,1645/218/1545/1958/54206/114907/2706,7
GO:0034329,BP,GO:0034329,cell junction assembly,8/164,214/17913,0.000808446,0.013831932,0.01103969,1499/2335/2706/3861/3852/3918/6385/7057,8
GO:0043491,BP,GO:0043491,protein kinase B signaling,9/164,268/17913,0.000827968,0.014062943,0.011224068,1646/374/2152/2247/9518/1839/3135/4824/7057,9
GO:0042089,BP,GO:0042089,cytokine biosynthetic process,6/164,120/17913,0.000830931,0.014062943,0.011224068,9590/1958/54206/3315/3624/7057,6
GO:0043536,BP,GO:0043536,positive regulation of blood vessel endothelial cell migration,5/164,80/17913,0.000836564,0.014082167,0.011239411,2247/9982/3315/5743/7057,5
GO:0042107,BP,GO:0042107,cytokine metabolic process,6/164,121/17913,0.000867766,0.014529285,0.011596269,9590/1958/54206/3315/3624/7057,6
GO:0097386,CC,GO:0097386,glial cell projection,3/162,24/18678,0.001133847,0.015037704,0.012063635,2706/2752/23657,3
GO:0005604,CC,GO:0005604,basement membrane,5/162,91/18678,0.001177145,0.015037704,0.012063635,9510/401138/2335/3918/7076,5
GO:0016324,CC,GO:0016324,apical plasma membrane,9/162,300/18678,0.001251382,0.015037704,0.012063635,481/4680/50506/2335/3485/51458/10568/8140/6781,9
GO:1904724,CC,GO:1904724,tertiary granule lumen,4/162,55/18678,0.001318263,0.015037704,0.012063635,1476/2495/4318/7130,4
GO:0005912,CC,GO:0005912,adherens junction,12/162,496/18678,0.001324908,0.015037704,0.012063635,9590/1499/55612/3315/143903/10397/91624/5328/5329/6278/6385/7052,12
GO:0002526,BP,GO:0002526,acute inflammatory response,8/164,220/17913,0.000966764,0.016015551,0.012782503,23780/2683/2152/2335/26471/5743/6288/6289,8
GO:0036294,BP,GO:0036294,cellular response to decreased oxygen levels,8/164,220/17913,0.000966764,0.016015551,0.012782503,360/1906/1958/10397/4824/5366/5743/6781,8
GO:0097529,BP,GO:0097529,myeloid leukocyte migration,7/164,170/17913,0.000978982,0.016132592,0.012875918,6372/3576/1843/1906/6278/6288/7057,7
GO:0045121,CC,GO:0045121,membrane raft,9/162,309/18678,0.001534283,0.016185673,0.012984565,481/330/100133941/1499/54742/4973/5743/6385/7846,9
GO:0098857,CC,GO:0098857,membrane microdomain,9/162,310/18678,0.001568656,0.016185673,0.012984565,481/330/100133941/1499/54742/4973/5743/6385/7846,9
GO:0004033,MF,GO:0004033,aldo-keto reductase (NADP) activity,3/159,23/16969,0.001245704,0.016433713,0.013364842,1645/1646/218,3
GO:0031639,BP,GO:0031639,plasminogen activation,3/164,22/17913,0.001020991,0.016736765,0.013358127,5327/5328/7057,3
GO:0046887,BP,GO:0046887,positive regulation of hormone secretion,6/164,125/17913,0.001027857,0.016761569,0.013377924,1906/51083/2752/3624/4824/6659,6
GO:1904707,BP,GO:1904707,positive regulation of vascular smooth muscle cell proliferation,4/164,49/17913,0.001041244,0.016804825,0.013412448,9510/1906/2247/4318,4
GO:2001238,BP,GO:2001238,positive regulation of extrinsic apoptotic signaling pathway,4/164,49/17913,0.001041244,0.016804825,0.013412448,50486/3624/5366/7057,4
GO:0042476,BP,GO:0042476,odontogenesis,6/164,126/17913,0.001071211,0.017193277,0.013722483,401138/360/1499/1906/3399/3624,6
GO:0001558,BP,GO:0001558,regulation of cell growth,11/164,396/17913,0.001076296,0.017193277,0.013722483,694/1029/1382/1906/2335/51083/1839/3486/3624/3872/5997,11
GO:0051897,BP,GO:0051897,positive regulation of protein kinase B signaling,7/164,173/17913,0.001083987,0.017228239,0.013750387,1646/374/2152/2247/9518/1839/7057,7
GO:0031253,CC,GO:0031253,cell projection membrane,9/162,317/18678,0.001826983,0.018031531,0.01446536,2683/1499/55612/3135/5329/6286/10568/23657/7168,9
GO:0098589,CC,GO:0098589,membrane region,9/162,321/18678,0.001989244,0.018814932,0.015093824,481/330/100133941/1499/54742/4973/5743/6385/7846,9
GO:0010595,BP,GO:0010595,positive regulation of endothelial cell migration,6/164,129/17913,0.001209732,0.019050762,0.015204999,1906/2247/9982/3315/5743/7057,6
GO:0001954,BP,GO:0001954,positive regulation of cell-matrix adhesion,4/164,51/17913,0.001210828,0.019050762,0.015204999,4680/55612/4814/6385,4
GO:0016049,BP,GO:0016049,cell growth,12/164,466/17913,0.001233655,0.019312866,0.015414193,694/1029/1382/1499/1906/2335/51083/1839/3486/3624/3872/5997,12
GO:0032102,BP,GO:0032102,negative regulation of response to external stimulus,10/164,343/17913,0.001262982,0.019636987,0.015672883,1843/1906/2247/5327/5328/5329/6288/5055/7057/7130,10
GO:0000302,BP,GO:0000302,response to reactive oxygen species,8/164,230/17913,0.001285078,0.019636987,0.015672883,374/1545/1843/1906/4318/6278/7356/7168,8
GO:1904035,BP,GO:1904035,regulation of epithelial cell apoptotic process,5/164,88/17913,0.001285718,0.019636987,0.015672883,51129/3135/26471/5275/7057,5
GO:1904705,BP,GO:1904705,regulation of vascular smooth muscle cell proliferation,5/164,88/17913,0.001285718,0.019636987,0.015672883,9510/1906/2247/4318/7168,5
GO:1990874,BP,GO:1990874,vascular smooth muscle cell proliferation,5/164,88/17913,0.001285718,0.019636987,0.015672883,9510/1906/2247/4318/7168,5
GO:0030018,CC,GO:0030018,Z disc,5/162,106/18678,0.002312326,0.019701036,0.01580468,1499/114907/3315/10398/91624,5
GO:0005766,CC,GO:0005766,primary lysosome,6/162,155/18678,0.002343295,0.019701036,0.01580468,2683/4680/2171/2512/6278/6317,6
GO:0042582,CC,GO:0042582,azurophil granule,6/162,155/18678,0.002343295,0.019701036,0.01580468,2683/4680/2171/2512/6278/6317,6
GO:0043567,BP,GO:0043567,regulation of insulin-like growth factor receptor signaling pathway,3/164,24/17913,0.001323986,0.01992981,0.015906594,3485/3486/4824,3
GO:0046697,BP,GO:0046697,decidualization,3/164,24/17913,0.001323986,0.01992981,0.015906594,2706/5743/6781,3
GO:2001026,BP,GO:2001026,regulation of endothelial cell chemotaxis,3/164,24/17913,0.001323986,0.01992981,0.015906594,2247/3315/7057,3
GO:0004252,MF,GO:0004252,serine-type endopeptidase activity,6/159,133/16969,0.001587594,0.02016832,0.01640204,2152/5655/4312/4318/5327/5328,6
GO:0051250,BP,GO:0051250,negative regulation of lymphocyte activation,6/164,132/17913,0.001361573,0.020329252,0.016225401,51083/3135/282618/3624/7356/6385,6
GO:0010952,BP,GO:0010952,positive regulation of peptidase activity,7/164,180/17913,0.001363508,0.020329252,0.016225401,1942/2152/2335/4824/5366/6317/83595,7
GO:0070371,BP,GO:0070371,ERK1 and ERK2 cascade,9/164,289/17913,0.001402,0.020804086,0.01660438,9590/55450/1843/1846/54206/2247/2335/6278/678,9
GO:0005520,MF,GO:0005520,insulin-like growth factor binding,3/159,26/16969,0.001791572,0.021946758,0.017848368,3485/3486/3489,3
GO:0021544,BP,GO:0021544,subpallium development,3/164,25/17913,0.001494475,0.022071699,0.017616101,220/3624/23657,3
GO:0071453,BP,GO:0071453,cellular response to oxygen levels,8/164,237/17913,0.001553828,0.022840547,0.018229743,360/1906/1958/10397/4824/5366/5743/6781,8
GO:0051591,BP,GO:0051591,response to cAMP,5/164,93/17913,0.001644427,0.024059356,0.019202512,218/374/50506/1843/6781,5
GO:0071624,BP,GO:0071624,positive regulation of granulocyte chemotaxis,3/164,26/17913,0.00167812,0.024438115,0.019504811,3576/1906/6278,3
GO:0038127,BP,GO:0038127,ERBB signaling pathway,6/164,138/17913,0.001708525,0.024651581,0.019675184,10551/374/54206/1839/4318/5329,6
GO:0044344,BP,GO:0044344,cellular response to fibroblast growth factor stimulus,6/164,138/17913,0.001708525,0.024651581,0.019675184,1499/3576/2247/9982/7057/678,6
GO:0051896,BP,GO:0051896,regulation of protein kinase B signaling,8/164,241/17913,0.001726325,0.024794141,0.019788966,1646/374/2152/2247/9518/1839/3135/7057,8
GO:0030595,BP,GO:0030595,leukocyte chemotaxis,7/164,188/17913,0.001748796,0.025002194,0.01995502,6372/3576/1843/1906/6278/6288/7057,7
GO:0070820,CC,GO:0070820,tertiary granule,6/162,164/18678,0.003102404,0.025151629,0.020177287,1476/2495/4318/4973/5328/7130,6
GO:0061448,BP,GO:0061448,connective tissue development,8/164,243/17913,0.001818077,0.025874537,0.020651264,1499/1906/1958/2247/5744/8710/6781/7076,8
GO:0031674,CC,GO:0031674,I band,5/162,116/18678,0.003415591,0.026735831,0.021448174,1499/114907/3315/10398/91624,5
GO:0032652,BP,GO:0032652,regulation of interleukin-1 production,5/164,96/17913,0.001892104,0.026806233,0.021394879,1958/54206/3315/6288/1992,5
GO:0005775,CC,GO:0005775,vacuolar lumen,6/162,171/18678,0.00380945,0.028680685,0.023008386,2171/2512/6278/6385/5275/6317,6
GO:0005791,CC,GO:0005791,rough endoplasmic reticulum,4/162,74/18678,0.003916746,0.028680685,0.023008386,1906/2752/7356/23657,4
GO:0033559,BP,GO:0033559,unsaturated fatty acid metabolic process,5/164,98/17913,0.002071713,0.028903479,0.023068755,1646/1545/1906/2171/5743,5
GO:0090303,BP,GO:0090303,positive regulation of wound healing,4/164,59/17913,0.002083836,0.028903479,0.023068755,50506/2152/1839/7057,4
GO:0001516,BP,GO:0001516,prostaglandin biosynthetic process,3/164,28/17913,0.002086294,0.028903479,0.023068755,1906/2171/5743,3
GO:0046457,BP,GO:0046457,prostanoid biosynthetic process,3/164,28/17913,0.002086294,0.028903479,0.023068755,1906/2171/5743,3
GO:0090200,BP,GO:0090200,positive regulation of release of cytochrome c from mitochondria,3/164,28/17913,0.002086294,0.028903479,0.023068755,4318/5329/5366,3
GO:0009636,BP,GO:0009636,response to toxic substance,12/164,499/17913,0.002186436,0.029996164,0.02394086,10974/374/1545/50506/1843/1906/1958/26471/5743/5997/11254/23657,12
GO:0043410,BP,GO:0043410,positive regulation of MAPK cascade,12/164,499/17913,0.002186436,0.029996164,0.02394086,9590/100133941/1499/22943/1906/1942/2247/9518/3486/6278/6288/7057,12
GO:0014074,BP,GO:0014074,response to purine-containing compound,6/164,145/17913,0.002193907,0.029996164,0.02394086,218/374/50506/1843/5743/6781,6
GO:0002237,BP,GO:0002237,response to molecule of bacterial origin,9/164,309/17913,0.002212337,0.030048916,0.023982964,9590/100133941/6372/3576/1906/2706/5743/6278/7356,9
GO:0030593,BP,GO:0030593,neutrophil chemotaxis,4/164,60/17913,0.002216959,0.030048916,0.023982964,6372/3576/1906/6288,4
GO:0008083,MF,GO:0008083,growth factor activity,6/159,147/16969,0.002630023,0.031106829,0.025297866,22943/2247/9518/1839/3624/7076,6
GO:0071549,BP,GO:0071549,cellular response to dexamethasone stimulus,3/164,29/17913,0.002311495,0.031195218,0.024897863,54206/114907/2706,3
GO:0033627,BP,GO:0033627,cell adhesion mediated by integrin,4/164,61/17913,0.002355833,0.03165714,0.025266537,1545/1942/55612/5328,4
GO:0050670,BP,GO:0050670,regulation of lymphocyte proliferation,7/164,199/17913,0.002410976,0.03225969,0.02574745,100133941/1499/51083/3135/3485/7356/6385,7
GO:0006690,BP,GO:0006690,icosanoid metabolic process,5/164,102/17913,0.002467828,0.03275788,0.026145071,1646/1545/1906/2171/5743,5
GO:0014706,BP,GO:0014706,striated muscle tissue development,10/164,376/17913,0.002478515,0.03275788,0.026145071,51676/1499/22943/1906/1958/2247/7026/26471/5997/7168,10
GO:0032944,BP,GO:0032944,regulation of mononuclear cell proliferation,7/164,200/17913,0.002479597,0.03275788,0.026145071,100133941/1499/51083/3135/3485/7356/6385,7
GO:2001244,BP,GO:2001244,positive regulation of intrinsic apoptotic signaling pathway,4/164,62/17913,0.002500581,0.0328963,0.026255548,27113/4824/26471/5366,4
GO:0042129,BP,GO:0042129,regulation of T cell proliferation,6/164,149/17913,0.002514303,0.032938423,0.026289168,100133941/1499/3135/3485/7356/6385,6
GO:0097449,CC,GO:0097449,astrocyte projection,2/162,12/18678,0.004660668,0.033061616,0.026522882,2706/23657,2
GO:0032526,BP,GO:0032526,response to retinoic acid,5/164,103/17913,0.002574889,0.033591566,0.026810462,360/22943/1843/2706/3485,5
GO:0019748,BP,GO:0019748,secondary metabolic process,4/164,63/17913,0.002651326,0.034302896,0.027378196,1645/1646/1545/23657,4
GO:0042108,BP,GO:0042108,positive regulation of cytokine biosynthetic process,4/164,63/17913,0.002651326,0.034302896,0.027378196,9590/1958/3315/7057,4
GO:0072330,BP,GO:0072330,monocarboxylic acid biosynthetic process,9/164,318/17913,0.002681657,0.034552545,0.027577449,220/669/1382/10170/1906/2171/26471/5743/5947,9
GO:1903532,BP,GO:1903532,positive regulation of secretion by cell,10/164,381/17913,0.002725341,0.034971486,0.027911819,9590/1906/55612/51083/2752/3624/4824/6288/6385/6659,10
GO:0002688,BP,GO:0002688,regulation of leukocyte chemotaxis,5/164,105/17913,0.002799063,0.035422147,0.028271505,3576/1843/1906/6278/7057,5
GO:0035767,BP,GO:0035767,endothelial cell chemotaxis,3/164,31/17913,0.002805715,0.035422147,0.028271505,2247/3315/7057,3
GO:0042572,BP,GO:0042572,retinol metabolic process,3/164,31/17913,0.002805715,0.035422147,0.028271505,220/1545/10170,3
GO:0045742,BP,GO:0045742,positive regulation of epidermal growth factor receptor signaling pathway,3/164,31/17913,0.002805715,0.035422147,0.028271505,10551/4318/5329,3
GO:0005788,CC,GO:0005788,endoplasmic reticulum lumen,8/162,306/18678,0.005320389,0.036597825,0.029359721,401138/1906/2335/3486/5329/5743/7057/7076,8
GO:0032945,BP,GO:0032945,negative regulation of mononuclear cell proliferation,4/164,65/17913,0.002971291,0.03721245,0.029700401,51083/3135/7356/6385,4
GO:0050672,BP,GO:0050672,negative regulation of lymphocyte proliferation,4/164,65/17913,0.002971291,0.03721245,0.029700401,51083/3135/7356/6385,4
GO:0060828,BP,GO:0060828,regulation of canonical Wnt signaling pathway,8/164,264/17913,0.003033341,0.037838214,0.030199842,1499/22943/1958/55612/3485/3489/6659/83595,8
GO:0040036,BP,GO:0040036,regulation of fibroblast growth factor receptor signaling pathway,3/164,32/17913,0.003075332,0.038058758,0.030375865,1499/9982/7057,3
GO:0071276,BP,GO:0071276,cellular response to cadmium ion,3/164,32/17913,0.003075332,0.038058758,0.030375865,4318/4493/4501,3
GO:0001503,BP,GO:0001503,ossification,10/164,388/17913,0.003103613,0.038257529,0.03053451,374/1499/1591/22943/3399/3486/4318/5743/5744/6781,10
GO:0007519,BP,GO:0007519,skeletal muscle tissue development,6/164,156/17913,0.003158056,0.038664768,0.03085954,51676/1499/22943/1958/7026/26471,6
GO:0032612,BP,GO:0032612,interleukin-1 production,5/164,108/17913,0.003161348,0.038664768,0.03085954,1958/54206/3315/6288/1992,5
GO:0046677,BP,GO:0046677,response to antibiotic,9/164,328/17913,0.003292316,0.040109883,0.032012931,374/1545/1843/1906/1958/2706/3399/5997/7356,9
GO:0060537,BP,GO:0060537,muscle tissue development,10/164,392/17913,0.003337905,0.04033992,0.032196531,51676/1499/22943/1906/1958/2247/7026/26471/5997/7168,10
GO:0042554,BP,GO:0042554,superoxide anion generation,3/164,33/17913,0.003360335,0.04033992,0.032196531,50506/1906/4688,3
GO:1901186,BP,GO:1901186,positive regulation of ERBB signaling pathway,3/164,33/17913,0.003360335,0.04033992,0.032196531,10551/4318/5329,3
GO:0043535,BP,GO:0043535,regulation of blood vessel endothelial cell migration,6/164,158/17913,0.003362734,0.04033992,0.032196531,1942/2247/9982/3315/5743/7057,6
GO:0072593,BP,GO:0072593,reactive oxygen species metabolic process,8/164,269/17913,0.003399364,0.040623692,0.032423018,1545/50506/405753/1906/4688/5366/5743/7057,8
GO:1903524,BP,GO:1903524,positive regulation of blood circulation,4/164,68/17913,0.003499228,0.041123077,0.032821592,1906/5743/5997/7168,4
GO:0007162,BP,GO:0007162,negative regulation of cell adhesion,8/164,271/17913,0.003555025,0.041123077,0.032821592,1029/1545/1843/3135/282618/7356/6385/7057,8
GO:0070372,BP,GO:0070372,regulation of ERK1 and ERK2 cascade,8/164,271/17913,0.003555025,0.041123077,0.032821592,9590/55450/1843/1846/54206/2247/2335/6278,8
GO:1904019,BP,GO:1904019,epithelial cell apoptotic process,5/164,111/17913,0.003556289,0.041123077,0.032821592,51129/3135/26471/5275/7057,5
GO:0030336,BP,GO:0030336,negative regulation of cell migration,9/164,332/17913,0.003565264,0.041123077,0.032821592,1545/1843/2247/3486/7026/6781/7057/7076/7168,9
GO:0003183,BP,GO:0003183,mitral valve morphogenesis,2/164,10/17913,0.003572493,0.041123077,0.032821592,1942/6659,2
GO:0006857,BP,GO:0006857,oligopeptide transport,2/164,10/17913,0.003572493,0.041123077,0.032821592,6565/23657,2
GO:0030647,BP,GO:0030647,aminoglycoside antibiotic metabolic process,2/164,10/17913,0.003572493,0.041123077,0.032821592,1645/1646,2
GO:0060767,BP,GO:0060767,epithelial cell proliferation involved in prostate gland development,2/164,10/17913,0.003572493,0.041123077,0.032821592,1499/4824,2
GO:0072124,BP,GO:0072124,regulation of glomerular mesangial cell proliferation,2/164,10/17913,0.003572493,0.041123077,0.032821592,1958/8710,2
GO:0070663,BP,GO:0070663,regulation of leukocyte proliferation,7/164,214/17913,0.003607212,0.041370628,0.03301917,100133941/1499/51083/3135/3485/7356/6385,7
GO:0031994,MF,GO:0031994,insulin-like growth factor I binding,2/159,10/16969,0.003737112,0.041565586,0.03380353,3485/3486,2
GO:0008236,MF,GO:0008236,serine-type peptidase activity,6/159,158/16969,0.003756656,0.041565586,0.03380353,2152/5655/4312/4318/5327/5328,6
GO:1904030,BP,GO:1904030,negative regulation of cyclin-dependent protein kinase activity,3/164,34/17913,0.003660994,0.0418342,0.033389161,55450/1029/7026,3
GO:0010950,BP,GO:0010950,positive regulation of endopeptidase activity,6/164,161/17913,0.003688079,0.041990454,0.033513872,1942/2152/4824/5366/6317/83595,6
GO:1903825,BP,GO:1903825,organic acid transmembrane transport,5/164,113/17913,0.003838516,0.043387698,0.034629056,5997/11254/23657/8140/7057,5
GO:1905039,BP,GO:1905039,carboxylic acid transmembrane transport,5/164,113/17913,0.003838516,0.043387698,0.034629056,5997/11254/23657/8140/7057,5
GO:0051249,BP,GO:0051249,regulation of lymphocyte activation,10/164,401/17913,0.003916717,0.043964188,0.03508917,100133941/1499/51083/3135/282618/3485/3624/7356/6385/678,10
GO:0002695,BP,GO:0002695,negative regulation of leukocyte activation,6/164,163/17913,0.003917601,0.043964188,0.03508917,51083/3135/282618/3624/7356/6385,6
GO:0034330,BP,GO:0034330,cell junction organization,8/164,277/17913,0.004055376,0.045347791,0.036193466,1499/2335/2706/3861/3852/3918/6385/7057,8
GO:0070664,BP,GO:0070664,negative regulation of leukocyte proliferation,4/164,71/17913,0.00408757,0.045383624,0.036222065,51083/3135/7356/6385,4
GO:1903036,BP,GO:1903036,positive regulation of response to wounding,4/164,71/17913,0.00408757,0.045383624,0.036222065,50506/2152/1839/7057,4
GO:0060538,BP,GO:0060538,skeletal muscle organ development,6/164,165/17913,0.00415755,0.045997485,0.036712007,51676/1499/22943/1958/7026/26471,6
GO:0022612,BP,GO:0022612,gland morphogenesis,5/164,116/17913,0.004291439,0.046065014,0.036765904,374/1999/4824/5268/7052,5
GO:0003333,BP,GO:0003333,amino acid transmembrane transport,4/164,72/17913,0.004297644,0.046065014,0.036765904,5997/11254/23657/8140,4
GO:0006081,BP,GO:0006081,cellular aldehyde metabolic process,4/164,72/17913,0.004297644,0.046065014,0.036765904,1645/220/218/1545,4
GO:1990266,BP,GO:1990266,neutrophil migration,4/164,72/17913,0.004297644,0.046065014,0.036765904,6372/3576/1906/6288,4
GO:0048009,BP,GO:0048009,insulin-like growth factor receptor signaling pathway,3/164,36/17913,0.004310302,0.046065014,0.036765904,3485/3486/4824,3
GO:0003174,BP,GO:0003174,mitral valve development,2/164,11/17913,0.004340204,0.046065014,0.036765904,1942/6659,2
GO:0030002,BP,GO:0030002,cellular anion homeostasis,2/164,11/17913,0.004340204,0.046065014,0.036765904,1152/10568,2
GO:0030320,BP,GO:0030320,cellular monovalent inorganic anion homeostasis,2/164,11/17913,0.004340204,0.046065014,0.036765904,1152/10568,2
GO:0031392,BP,GO:0031392,regulation of prostaglandin biosynthetic process,2/164,11/17913,0.004340204,0.046065014,0.036765904,2171/5743,2
GO:0032908,BP,GO:0032908,regulation of transforming growth factor beta1 production,2/164,11/17913,0.004340204,0.046065014,0.036765904,8710/7057,2
GO:0072110,BP,GO:0072110,glomerular mesangial cell proliferation,2/164,11/17913,0.004340204,0.046065014,0.036765904,1958/8710,2
GO:0090193,BP,GO:0090193,positive regulation of glomerulus development,2/164,11/17913,0.004340204,0.046065014,0.036765904,1958/8710,2
GO:0071248,BP,GO:0071248,cellular response to metal ion,6/164,167/17913,0.004408206,0.046628696,0.037215796,1906/4318/4493/4501/4502/5743,6
GO:0017171,MF,GO:0017171,serine hydrolase activity,6/159,163/16969,0.004372942,0.046872471,0.038119395,2152/5655/4312/4318/5327/5328,6
GO:0051047,BP,GO:0051047,positive regulation of secretion,10/164,409/17913,0.004495578,0.047392779,0.037825634,9590/1906/55612/51083/2752/3624/4824/6288/6385/6659,10
GO:0043627,BP,GO:0043627,response to estrogen,4/164,73/17913,0.004514887,0.047436611,0.037860618,100133941/51083/3485/10568,4
GO:0043394,MF,GO:0043394,proteoglycan binding,3/159,36/16969,0.004594728,0.047757326,0.03883901,2335/10468/7057,3
GO:0045684,BP,GO:0045684,positive regulation of epidermis development,3/164,37/17913,0.004659437,0.048791628,0.038942098,10468/51083/3872,3
GO:0034612,BP,GO:0034612,response to tumor necrosis factor,8/164,284/17913,0.004706049,0.049115463,0.039200561,9590/330/3576/1906/4824/5743/7057/678,8
GO:0070373,BP,GO:0070373,negative regulation of ERK1 and ERK2 cascade,4/164,74/17913,0.004739407,0.049255118,0.039312024,55450/1843/1846/54206,4
GO:2000146,BP,GO:2000146,negative regulation of cell motility,9/164,347/17913,0.004750893,0.049255118,0.039312024,1545/1843/2247/3486/7026/6781/7057/7076/7168,9
